user,total_logons,after_hours_logons,thumb_drive_count,url_count,role
AAA0371,0.0,0.0,0.0,0.0,0.0
AAC0344,0.0,0.0,0.0,0.0,0.0
AAC0599,0.0,0.0,0.0,0.0,0.0
AAH0734,0.0,0.0,0.0,0.0,0.0
AAK0658,0.0,0.0,0.0,0.0,0.0
AAK0924,0.0,0.0,0.0,0.0,0.0
AAR0508,0.0,0.0,0.0,0.0,0.0
AAS0709,0.0,0.0,0.0,0.0,0.0
ABB0272,0.0,0.0,0.0,0.0,0.0
ABD0833,0.0,0.0,0.0,0.0,0.0
ABG0179,0.0,0.0,0.0,0.0,0.0
ABH0963,0.0,0.0,0.0,0.0,0.0
ABL0836,0.0,0.0,0.0,0.0,0.0
ABS0726,0.0,0.0,0.0,0.0,0.0
ACD0647,0.0,0.0,0.0,0.0,0.0
ACH0803,0.0,0.0,0.0,0.0,0.0
ACL0865,0.0,0.0,0.0,0.0,0.0
ACM0061,0.0,0.0,0.0,0.0,0.0
ACR0400,0.0,0.0,0.0,0.0,0.0
ADR0219,0.0,0.0,0.0,0.0,0.0
AEC0750,0.0,0.0,0.0,0.0,0.0
AEG0905,0.0,0.0,0.0,0.0,0.0
AEW0730,0.0,0.0,0.0,0.0,0.0
AFD0868,0.0,0.0,0.0,0.0,0.0
AFF0760,0.0,0.0,0.0,0.0,0.0
AFG0122,0.0,0.0,0.0,0.0,0.0
AFH0331,0.0,0.0,0.0,0.0,0.0
AFN0918,0.0,0.0,0.0,0.0,0.0
AFO0022,0.0,0.0,0.0,0.0,0.0
AFR0646,0.0,0.0,0.0,0.0,0.0
AGB0091,0.0,0.0,0.0,0.0,0.0
AGF0088,0.0,0.0,0.0,0.0,0.0
AGG0562,0.0,0.0,0.0,0.0,0.0
AGW0182,0.0,0.0,0.0,0.0,0.0
AHD0147,0.0,0.0,0.0,0.0,0.0
AHS0926,0.0,0.0,0.0,0.0,0.0
AHV0103,0.0,0.0,0.0,0.0,0.0
AIB0797,0.0,0.0,0.0,0.0,0.0
AIC0321,0.0,0.0,0.0,0.0,0.0
AID0577,0.0,0.0,0.0,0.0,0.0
AJA0220,0.0,0.0,0.0,0.0,0.0
AJB0016,0.0,0.0,0.0,0.0,0.0
AJB0370,0.0,0.0,0.0,0.0,0.0
AJC0203,0.0,0.0,0.0,0.0,0.0
AJC0266,0.0,0.0,0.0,0.0,0.0
AJC0399,0.0,0.0,0.0,0.0,0.0
AJM0302,0.0,0.0,0.0,0.0,0.0
AJN0804,0.0,0.0,0.0,0.0,0.0
AJP0553,0.0,0.0,0.0,0.0,0.0
AJS0917,0.0,0.0,0.0,0.0,0.0
AJS0978,0.0,0.0,0.0,0.0,0.0
AKA0033,0.0,0.0,0.0,0.0,0.0
AKH0067,0.0,0.0,0.0,0.0,0.0
AKM0969,0.0,0.0,0.0,0.0,0.0
AKP0173,0.0,0.0,0.0,0.0,0.0
AKS0283,0.0,0.0,0.0,0.0,0.0
AKW0582,0.0,0.0,0.0,0.0,0.0
ALC0244,0.0,0.0,0.0,0.0,0.0
ALK0520,0.0,0.0,0.0,0.0,0.0
ALL0155,0.0,0.0,0.0,0.0,0.0
ALN0201,0.0,0.0,0.0,0.0,0.0
ALS0087,0.0,0.0,0.0,0.0,0.0
ALW0250,0.0,0.0,0.0,0.0,0.0
ALW0694,0.0,0.0,0.0,0.0,0.0
ALW0834,0.0,0.0,0.0,0.0,0.0
AMA0191,0.0,0.0,0.0,0.0,0.0
AMA0606,0.0,0.0,0.0,0.0,0.0
AMD0432,0.0,0.0,0.0,0.0,0.0
AMH0101,0.0,0.0,0.0,0.0,0.0
AMM0340,0.0,0.0,0.0,0.0,0.0
AMM0661,0.0,0.0,0.0,0.0,0.0
AMM0830,0.0,0.0,0.0,0.0,0.0
AMS0897,0.0,0.0,0.0,0.0,0.0
ANC0012,0.0,0.0,0.0,0.0,0.0
ANS0172,0.0,0.0,0.0,0.0,0.0
ANW0351,0.0,0.0,0.0,0.0,0.0
AOC0511,0.0,0.0,0.0,0.0,0.0
APC0769,0.0,0.0,0.0,0.0,0.0
AQG0678,0.0,0.0,0.0,0.0,0.0
ARB0050,0.0,0.0,0.0,0.0,0.0
ARB0100,0.0,0.0,0.0,0.0,0.0
ARC0677,0.0,0.0,0.0,0.0,0.0
ARF0269,0.0,0.0,0.0,0.0,0.0
ARG0405,0.0,0.0,0.0,0.0,0.0
ARK0026,0.0,0.0,0.0,0.0,0.0
ARM0416,0.0,0.0,0.0,0.0,0.0
ARP0948,0.0,0.0,0.0,0.0,0.0
ARR0758,0.0,0.0,0.0,0.0,0.0
ARR0878,0.0,0.0,0.0,0.0,0.0
ARR0977,0.0,0.0,0.0,0.0,0.0
ARS0993,0.0,0.0,0.0,0.0,1.0
ARW0541,0.0,0.0,0.0,0.0,0.0
ASC0132,0.0,0.0,0.0,0.0,0.0
ASO0023,0.0,0.0,0.0,0.0,0.0
ASP0799,0.0,0.0,0.0,0.0,0.0
ASR0539,0.0,0.0,0.0,0.0,0.0
ASS0824,0.0,0.0,0.0,0.0,0.0
ASV0049,0.0,0.0,0.0,0.0,0.0
ATJ0284,0.0,0.0,0.0,0.0,0.0
AUM0365,0.0,0.0,0.0,0.0,0.0
AWB0828,0.0,0.0,0.0,0.0,0.0
AXB0007,0.0,0.0,0.0,0.0,0.0
AZC0030,0.0,0.0,0.0,0.0,0.0
AZS0738,0.0,0.0,0.0,0.0,0.0
BAB0505,0.0,0.0,0.0,0.0,0.0
BAE0444,0.0,0.0,0.0,0.0,0.0
BAF0379,0.0,0.0,0.0,0.0,0.0
BAH0774,0.0,0.0,0.0,0.0,0.0
BAK0787,0.0,0.0,0.0,0.0,0.0
BAM0466,0.0,0.0,0.0,0.0,0.0
BBH0313,0.0,0.0,0.0,0.0,0.0
BBM0499,0.0,0.0,0.0,0.0,0.0
BBP0623,0.0,0.0,0.0,0.0,0.0
BCB0013,0.0,0.0,0.0,0.0,0.0
BCG0303,0.0,0.0,0.0,0.0,0.0
BCG0692,0.0,0.0,0.0,0.0,0.0
BCH0912,0.0,0.0,0.0,0.0,0.0
BCJ0800,0.0,0.0,0.0,0.0,0.0
BCM0558,0.0,0.0,0.0,0.0,0.0
BCM0899,0.0,0.0,0.0,0.0,0.0
BCR0547,0.0,0.0,0.0,0.0,0.0
BCS0374,0.0,0.0,0.0,0.0,0.0
BCV0109,0.0,0.0,0.0,0.0,0.0
BCW0386,0.0,0.0,0.0,0.0,0.0
BDH0038,0.0,0.0,0.0,0.0,0.0
BDI0634,0.0,0.0,0.0,0.0,0.0
BFO0438,0.0,0.0,0.0,0.0,0.0
BFO0974,0.0,0.0,0.0,0.0,0.0
BFV0911,0.0,0.0,0.0,0.0,0.0
BGF0236,0.0,0.0,0.0,0.0,0.0
BGN0054,0.0,0.0,0.0,0.0,0.0
BGV0046,0.0,0.0,0.0,0.0,0.0
BGW0009,0.0,0.0,0.0,0.0,0.0
BHH0460,0.0,0.0,0.0,0.0,0.0
BIM0736,0.0,0.0,0.0,0.0,0.0
BIR0534,0.0,0.0,0.0,0.0,0.0
BJC0569,0.0,0.0,0.0,0.0,0.0
BJM0311,0.0,0.0,0.0,0.0,0.0
BJM0992,0.0,0.0,0.0,0.0,1.0
BKH0156,0.0,0.0,0.0,0.0,0.0
BKM0116,0.0,0.0,0.0,0.0,0.0
BLB0079,0.0,0.0,0.0,0.0,0.0
BLS0098,0.0,0.0,0.0,0.0,0.0
BMK0943,0.0,0.0,0.0,0.0,0.0
BML0618,0.0,0.0,0.0,0.0,0.0
BMM0247,0.0,0.0,0.0,0.0,0.0
BMR0412,0.0,0.0,0.0,0.0,0.0
BMR0596,0.0,0.0,0.0,0.0,0.0
BMS0001,0.0,0.0,0.0,0.0,0.0
BNG0510,0.0,0.0,0.0,0.0,0.0
BNL0480,0.0,0.0,0.0,0.0,0.0
BNM0353,0.0,0.0,0.0,0.0,0.0
BNN0072,0.0,0.0,0.0,0.0,0.0
BNW0850,0.0,0.0,0.0,0.0,0.0
BPB0808,0.0,0.0,0.0,0.0,0.0
BPC0533,0.0,0.0,0.0,0.0,0.0
BQW0149,0.0,0.0,0.0,0.0,0.0
BRB0908,0.0,0.0,0.0,0.0,0.0
BSG0869,0.0,0.0,0.0,0.0,0.0
BSM0334,0.0,0.0,0.0,0.0,0.0
BTH0004,0.0,0.0,0.0,0.0,0.0
BTH0358,0.0,0.0,0.0,0.0,0.0
BTW0973,0.0,0.0,0.0,0.0,0.0
BVM0716,0.0,0.0,0.0,0.0,0.0
BWS0872,0.0,0.0,0.0,0.0,0.0
BXY0648,0.0,0.0,0.0,0.0,0.0
BYB0347,0.0,0.0,0.0,0.0,0.0
BZH0120,0.0,0.0,0.0,0.0,0.0
BZM0434,0.0,0.0,0.0,0.0,0.0
CAC0854,0.0,0.0,0.0,0.0,0.0
CAH0610,0.0,0.0,0.0,0.0,0.0
CAH0921,0.0,0.0,0.0,0.0,0.0
CAM0975,0.0,0.0,0.0,0.0,0.0
CAO0951,0.0,0.0,0.0,0.0,0.0
CAR0015,0.0,0.0,0.0,0.0,0.0
CAV0757,0.0,0.0,0.0,0.0,0.0
CAW0976,0.0,0.0,0.0,0.0,0.0
CBB0075,0.0,0.0,0.0,0.0,0.0
CBC0653,0.0,0.0,0.0,0.0,0.0
CBH0762,0.0,0.0,0.0,0.0,0.0
CBP0628,0.0,0.0,0.0,0.0,0.0
CBR0104,0.0,0.0,0.0,0.0,0.0
CBR0208,0.0,0.0,0.0,0.0,0.0
CBR0439,0.0,0.0,0.0,0.0,0.0
CCA0349,0.0,0.0,0.0,0.0,0.0
CCB0366,0.0,0.0,0.0,0.0,0.0
CCB0496,0.0,0.0,0.0,0.0,0.0
CCG0876,0.0,0.0,0.0,0.0,0.0
CCH0497,0.0,0.0,0.0,0.0,0.0
CCM0827,0.0,0.0,0.0,0.0,0.0
CDE0193,0.0,0.0,0.0,0.0,0.0
CDE0810,0.0,0.0,0.0,0.0,0.0
CDF0585,0.0,0.0,0.0,0.0,0.0
CDK0329,0.0,0.0,0.0,0.0,0.0
CDR0453,0.0,0.0,0.0,0.0,0.0
CDS0110,0.0,0.0,0.0,0.0,0.0
CDS0300,0.0,0.0,0.0,0.0,0.0
CDZ0056,0.0,0.0,0.0,0.0,0.0
CEB0718,0.0,0.0,0.0,0.0,0.0
CGC0877,0.0,0.0,0.0,0.0,0.0
CGH0125,0.0,0.0,0.0,0.0,0.0
CGM0319,0.0,0.0,0.0,0.0,0.0
CGM0343,0.0,0.0,0.0,0.0,0.0
CGM0994,0.0,0.0,0.0,0.0,1.0
CGR0202,0.0,0.0,0.0,0.0,0.0
CGT0183,0.0,0.0,0.0,0.0,0.0
CHA0174,0.0,0.0,0.0,0.0,0.0
CHM0645,0.0,0.0,0.0,0.0,0.0
CHS0324,0.0,0.0,0.0,0.0,0.0
CIB0489,0.0,0.0,0.0,0.0,0.0
CJG0638,0.0,0.0,0.0,0.0,0.0
CJW0317,0.0,0.0,0.0,0.0,0.0
CKB0536,0.0,0.0,0.0,0.0,0.0
CKR0296,0.0,0.0,0.0,0.0,0.0
CKW0622,0.0,0.0,0.0,0.0,0.0
CLB0995,0.0,0.0,0.0,0.0,1.0
CLK0383,0.0,0.0,0.0,0.0,0.0
CLN0999,0.0,0.0,0.0,0.0,1.0
CLP0332,0.0,0.0,0.0,0.0,0.0
CLS0819,0.0,0.0,0.0,0.0,0.0
CMC0814,0.0,0.0,0.0,0.0,0.0
CMF0339,0.0,0.0,0.0,0.0,0.0
CMM0900,0.0,0.0,0.0,0.0,0.0
CMU0028,0.0,0.0,0.0,0.0,0.0
CNB0615,0.0,0.0,0.0,0.0,0.0
CNS0950,0.0,0.0,0.0,0.0,0.0
CNT0514,0.0,0.0,0.0,0.0,0.0
COS0121,0.0,0.0,0.0,0.0,0.0
CPM0959,0.0,0.0,0.0,0.0,0.0
CPP0761,0.0,0.0,0.0,0.0,0.0
CPS0559,0.0,0.0,0.0,0.0,0.0
CRC0996,0.0,0.0,0.0,0.0,1.0
CRF0074,0.0,0.0,0.0,0.0,0.0
CRJ0934,0.0,0.0,0.0,0.0,0.0
CRM0058,0.0,0.0,0.0,0.0,0.0
CSA0071,0.0,0.0,0.0,0.0,0.0
CSB0363,0.0,0.0,0.0,0.0,0.0
CSC0297,0.0,0.0,0.0,0.0,0.0
CSD0739,0.0,0.0,0.0,0.0,0.0
CSR0189,0.0,0.0,0.0,0.0,0.0
CTF0687,0.0,0.0,0.0,0.0,0.0
CTH0082,0.0,0.0,0.0,0.0,0.0
CTH0856,0.0,0.0,0.0,0.0,0.0
CTR0537,0.0,0.0,0.0,0.0,0.0
CVW0133,0.0,0.0,0.0,0.0,0.0
CWG0305,0.0,0.0,0.0,0.0,0.0
CYK0330,0.0,0.0,0.0,0.0,0.0
CZB0163,0.0,0.0,0.0,0.0,0.0
DAG0754,0.0,0.0,0.0,0.0,0.0
DAO0613,0.0,0.0,0.0,0.0,0.0
DAR0341,0.0,0.0,0.0,0.0,0.0
DAV0579,0.0,0.0,0.0,0.0,0.0
DAW0123,0.0,0.0,0.0,0.0,0.0
DAW0199,0.0,0.0,0.0,0.0,0.0
DAW0221,0.0,0.0,0.0,0.0,0.0
DBA0367,0.0,0.0,0.0,0.0,0.0
DBB0235,0.0,0.0,0.0,0.0,0.0
DBF0903,0.0,0.0,0.0,0.0,0.0
DBG0686,0.0,0.0,0.0,0.0,0.0
DBM0698,0.0,0.0,0.0,0.0,0.0
DCB0462,0.0,0.0,0.0,0.0,0.0
DCC0600,0.0,0.0,0.0,0.0,0.0
DCF0307,0.0,0.0,0.0,0.0,0.0
DCM0725,0.0,0.0,0.0,0.0,0.0
DDD0915,0.0,0.0,0.0,0.0,0.0
DDJ0535,0.0,0.0,0.0,0.0,0.0
DDK0417,0.0,0.0,0.0,0.0,0.0
DDW0643,0.0,0.0,0.0,0.0,0.0
DEP0563,0.0,0.0,0.0,0.0,0.0
DFW0798,0.0,0.0,0.0,0.0,0.0
DFZ0063,0.0,0.0,0.0,0.0,0.0
DGM0240,0.0,0.0,0.0,0.0,0.0
DIS0382,0.0,0.0,0.0,0.0,0.0
DJC0162,0.0,0.0,0.0,0.0,0.0
DJW0368,0.0,0.0,0.0,0.0,0.0
DKB0409,0.0,0.0,0.0,0.0,0.0
DKR0696,0.0,0.0,0.0,0.0,0.0
DLM0723,0.0,0.0,0.0,0.0,0.0
DME0620,0.0,0.0,0.0,0.0,0.0
DMR0377,0.0,0.0,0.0,0.0,0.0
DNH0619,0.0,0.0,0.0,0.0,0.0
DNM0143,0.0,0.0,0.0,0.0,0.0
DNS0937,0.0,0.0,0.0,0.0,0.0
DOC0003,0.0,0.0,0.0,0.0,0.0
DOO0986,0.0,0.0,0.0,0.0,0.0
DRD0916,0.0,0.0,0.0,0.0,0.0
DRH0790,0.0,0.0,0.0,0.0,0.0
DRM0312,0.0,0.0,0.0,0.0,0.0
DRN0845,0.0,0.0,0.0,0.0,0.0
DRO0126,0.0,0.0,0.0,0.0,0.0
DRO0516,0.0,0.0,0.0,0.0,0.0
DRP0428,0.0,0.0,0.0,0.0,0.0
DSB0887,0.0,0.0,0.0,0.0,0.0
DSH0627,0.0,0.0,0.0,0.0,0.0
DSM0990,0.0,0.0,0.0,0.0,1.0
DSS0112,0.0,0.0,0.0,0.0,0.0
DST0527,0.0,0.0,0.0,0.0,0.0
DST0857,0.0,0.0,0.0,0.0,0.0
DTAA/AAA0371,843.0,290.0,0.0,7085.0,0.0
DTAA/AAC0344,690.0,166.0,0.0,14884.0,0.0
DTAA/AAC0599,690.0,178.0,0.0,14926.0,0.0
DTAA/AAH0734,690.0,0.0,0.0,16740.0,0.0
DTAA/AAK0658,690.0,0.0,0.0,14715.0,0.0
DTAA/AAK0924,690.0,0.0,0.0,18489.0,0.0
DTAA/AAR0508,690.0,345.0,0.0,18609.0,0.0
DTAA/AAS0709,1004.0,172.0,0.0,16684.0,0.0
DTAA/ABB0272,1195.0,169.0,0.0,17309.0,0.0
DTAA/ABD0833,690.0,164.0,0.0,16568.0,0.0
DTAA/ABG0179,690.0,0.0,0.0,16589.0,0.0
DTAA/ABH0963,690.0,345.0,0.0,16812.0,0.0
DTAA/ABL0836,690.0,426.0,0.0,20394.0,0.0
DTAA/ABS0726,788.0,78.0,0.0,18073.0,0.0
DTAA/ACD0647,690.0,345.0,0.0,20380.0,0.0
DTAA/ACH0803,822.0,350.0,0.0,16738.0,0.0
DTAA/ACL0865,690.0,345.0,0.0,18502.0,0.0
DTAA/ACM0061,690.0,0.0,0.0,16459.0,0.0
DTAA/ACR0400,690.0,0.0,0.0,18228.0,0.0
DTAA/ADR0219,690.0,0.0,0.0,12577.0,0.0
DTAA/AEC0750,690.0,345.0,0.0,16280.0,0.0
DTAA/AEG0905,690.0,345.0,0.0,20966.0,0.0
DTAA/AEW0730,690.0,0.0,0.0,13939.0,0.0
DTAA/AFD0868,690.0,242.0,0.0,17363.0,0.0
DTAA/AFF0760,184.0,74.0,0.0,895.0,0.0
DTAA/AFG0122,916.0,346.0,0.0,12638.0,0.0
DTAA/AFH0331,999.0,363.0,0.0,18773.0,0.0
DTAA/AFN0918,1012.0,178.0,0.0,15107.0,0.0
DTAA/AFO0022,1091.0,411.0,0.0,17165.0,0.0
DTAA/AFR0646,690.0,0.0,0.0,17155.0,0.0
DTAA/AGB0091,690.0,345.0,0.0,14434.0,0.0
DTAA/AGF0088,690.0,189.0,0.0,14823.0,0.0
DTAA/AGG0562,690.0,0.0,0.0,12161.0,0.0
DTAA/AGW0182,1224.0,384.0,0.0,13058.0,0.0
DTAA/AHD0147,690.0,161.0,0.0,13308.0,0.0
DTAA/AHS0926,690.0,168.0,0.0,14734.0,0.0
DTAA/AHV0103,950.0,0.0,0.0,13383.0,0.0
DTAA/AIB0797,1068.0,439.0,0.0,16732.0,0.0
DTAA/AIC0321,690.0,163.0,0.0,11778.0,0.0
DTAA/AID0577,690.0,345.0,0.0,14696.0,0.0
DTAA/AJA0220,1129.0,459.0,0.0,13772.0,0.0
DTAA/AJB0016,1135.0,355.0,0.0,15848.0,0.0
DTAA/AJB0370,987.0,345.0,0.0,12924.0,0.0
DTAA/AJC0203,690.0,0.0,0.0,14134.0,0.0
DTAA/AJC0266,1121.0,0.0,0.0,10825.0,0.0
DTAA/AJC0399,189.0,13.0,0.0,486.0,0.0
DTAA/AJM0302,690.0,345.0,0.0,11074.0,0.0
DTAA/AJN0804,1204.0,348.0,0.0,14069.0,0.0
DTAA/AJP0553,852.0,84.0,0.0,13986.0,0.0
DTAA/AJS0917,690.0,345.0,0.0,13682.0,0.0
DTAA/AJS0978,690.0,0.0,0.0,12171.0,0.0
DTAA/AKA0033,690.0,345.0,0.0,13930.0,0.0
DTAA/AKH0067,690.0,345.0,0.0,10750.0,0.0
DTAA/AKM0969,690.0,174.0,0.0,10795.0,0.0
DTAA/AKP0173,690.0,345.0,0.0,10707.0,0.0
DTAA/AKS0283,1202.0,90.0,0.0,13360.0,0.0
DTAA/AKW0582,1050.0,78.0,0.0,11310.0,0.0
DTAA/ALC0244,690.0,345.0,0.0,10703.0,0.0
DTAA/ALK0520,1141.0,395.0,0.0,11859.0,0.0
DTAA/ALL0155,690.0,345.0,0.0,12877.0,0.0
DTAA/ALN0201,690.0,345.0,0.0,13098.0,0.0
DTAA/ALS0087,690.0,159.0,0.0,10929.0,0.0
DTAA/ALW0250,690.0,345.0,0.0,11723.0,0.0
DTAA/ALW0694,966.0,345.0,0.0,10450.0,0.0
DTAA/ALW0834,971.0,0.0,0.0,10659.0,0.0
DTAA/AMA0191,1035.0,750.0,0.0,14316.0,0.0
DTAA/AMA0606,800.0,354.0,0.0,9618.0,0.0
DTAA/AMD0432,690.0,0.0,0.0,10416.0,0.0
DTAA/AMH0101,690.0,172.0,0.0,11972.0,0.0
DTAA/AMM0340,954.0,345.0,0.0,12931.0,0.0
DTAA/AMM0661,690.0,345.0,0.0,11740.0,0.0
DTAA/AMM0830,690.0,156.0,0.0,10543.0,0.0
DTAA/AMS0897,975.0,345.0,0.0,11929.0,0.0
DTAA/ANC0012,967.0,345.0,0.0,13968.0,0.0
DTAA/ANS0172,690.0,345.0,0.0,12728.0,0.0
DTAA/ANW0351,690.0,0.0,0.0,10548.0,0.0
DTAA/AOC0511,690.0,161.0,0.0,10578.0,0.0
DTAA/APC0769,690.0,165.0,0.0,9234.0,0.0
DTAA/AQG0678,334.0,59.0,0.0,1363.0,0.0
DTAA/ARB0050,690.0,345.0,0.0,12763.0,0.0
DTAA/ARB0100,678.0,339.0,0.0,9314.0,0.0
DTAA/ARC0677,1131.0,363.0,0.0,12580.0,0.0
DTAA/ARF0269,690.0,180.0,0.0,9388.0,0.0
DTAA/ARG0405,690.0,345.0,0.0,13912.0,0.0
DTAA/ARK0026,712.0,171.0,0.0,11224.0,0.0
DTAA/ARM0416,971.0,345.0,0.0,9409.0,0.0
DTAA/ARP0948,690.0,160.0,0.0,10656.0,0.0
DTAA/ARR0758,690.0,345.0,0.0,12831.0,0.0
DTAA/ARR0878,690.0,172.0,0.0,9102.0,0.0
DTAA/ARR0977,1138.0,174.0,0.0,10873.0,0.0
DTAA/ARS0993,4772.0,2541.0,0.0,5908.0,0.0
DTAA/ARW0541,690.0,0.0,0.0,10482.0,0.0
DTAA/ASC0132,798.0,347.0,0.0,9960.0,0.0
DTAA/ASO0023,1184.0,441.0,0.0,9210.0,0.0
DTAA/ASP0799,690.0,345.0,0.0,9196.0,0.0
DTAA/ASR0539,690.0,173.0,0.0,10498.0,0.0
DTAA/ASS0824,690.0,400.0,0.0,12667.0,0.0
DTAA/ASV0049,1057.0,0.0,0.0,10938.0,0.0
DTAA/ATJ0284,702.0,357.0,0.0,10448.0,0.0
DTAA/AUM0365,993.0,164.0,0.0,10460.0,0.0
DTAA/AWB0828,690.0,0.0,0.0,9265.0,0.0
DTAA/AXB0007,690.0,0.0,0.0,10585.0,0.0
DTAA/AZC0030,744.0,161.0,0.0,10184.0,0.0
DTAA/AZS0738,690.0,175.0,0.0,10493.0,0.0
DTAA/BAB0505,690.0,345.0,0.0,10415.0,0.0
DTAA/BAE0444,690.0,167.0,0.0,10483.0,0.0
DTAA/BAF0379,870.0,74.0,0.0,10477.0,0.0
DTAA/BAH0774,690.0,174.0,0.0,10454.0,0.0
DTAA/BAK0787,690.0,0.0,0.0,10628.0,0.0
DTAA/BAM0466,722.0,506.0,0.0,13746.0,0.0
DTAA/BBH0313,690.0,182.0,0.0,10432.0,0.0
DTAA/BBM0499,926.0,349.0,0.0,10257.0,0.0
DTAA/BBP0623,690.0,170.0,0.0,11420.0,0.0
DTAA/BCB0013,690.0,0.0,0.0,9327.0,0.0
DTAA/BCG0303,690.0,345.0,0.0,9393.0,0.0
DTAA/BCG0692,690.0,345.0,0.0,10480.0,0.0
DTAA/BCH0912,690.0,0.0,0.0,11403.0,0.0
DTAA/BCJ0800,742.0,0.0,0.0,11561.0,0.0
DTAA/BCM0558,972.0,180.0,0.0,9155.0,0.0
DTAA/BCM0899,690.0,345.0,0.0,11336.0,0.0
DTAA/BCR0547,690.0,345.0,0.0,10719.0,0.0
DTAA/BCS0374,690.0,345.0,0.0,12751.0,0.0
DTAA/BCV0109,690.0,345.0,0.0,10623.0,0.0
DTAA/BCW0386,690.0,0.0,0.0,9316.0,0.0
DTAA/BDH0038,1106.0,345.0,0.0,8536.0,0.0
DTAA/BDI0634,690.0,0.0,0.0,11442.0,0.0
DTAA/BFO0438,690.0,345.0,0.0,11700.0,0.0
DTAA/BFO0974,220.0,122.0,0.0,1874.0,0.0
DTAA/BFV0911,690.0,345.0,0.0,10160.0,0.0
DTAA/BGF0236,977.0,0.0,0.0,9113.0,0.0
DTAA/BGN0054,690.0,192.0,0.0,7528.0,0.0
DTAA/BGV0046,1003.0,174.0,0.0,9654.0,0.0
DTAA/BGW0009,118.0,0.0,0.0,519.0,0.0
DTAA/BHH0460,282.0,0.0,0.0,2292.0,0.0
DTAA/BIM0736,690.0,345.0,0.0,11768.0,0.0
DTAA/BIR0534,1300.0,447.0,0.0,9176.0,0.0
DTAA/BJC0569,957.0,345.0,0.0,9650.0,0.0
DTAA/BJM0311,690.0,0.0,0.0,10972.0,0.0
DTAA/BJM0992,4906.0,2265.0,0.0,5532.0,0.0
DTAA/BKH0156,690.0,0.0,0.0,9553.0,0.0
DTAA/BKM0116,1139.0,347.0,0.0,10287.0,0.0
DTAA/BLB0079,1144.0,346.0,0.0,7710.0,0.0
DTAA/BLS0098,754.0,165.0,0.0,10024.0,0.0
DTAA/BMK0943,973.0,0.0,0.0,7647.0,0.0
DTAA/BML0618,690.0,690.0,0.0,8909.0,0.0
DTAA/BMM0247,518.0,0.0,0.0,2711.0,0.0
DTAA/BMR0412,1189.0,0.0,0.0,5253.0,0.0
DTAA/BMR0596,690.0,0.0,0.0,7319.0,0.0
DTAA/BMS0001,690.0,0.0,0.0,6567.0,0.0
DTAA/BNG0510,690.0,345.0,0.0,8033.0,0.0
DTAA/BNL0480,690.0,345.0,0.0,7342.0,0.0
DTAA/BNM0353,977.0,408.0,0.0,8095.0,0.0
DTAA/BNN0072,690.0,345.0,0.0,8120.0,0.0
DTAA/BNW0850,272.0,164.0,0.0,1584.0,0.0
DTAA/BPB0808,1092.0,351.0,0.0,4725.0,0.0
DTAA/BPC0533,1104.0,346.0,0.0,7428.0,0.0
DTAA/BQW0149,690.0,0.0,0.0,7239.0,0.0
DTAA/BRB0908,690.0,0.0,0.0,6491.0,0.0
DTAA/BSG0869,690.0,141.0,0.0,6461.0,0.0
DTAA/BSM0334,690.0,0.0,0.0,7103.0,0.0
DTAA/BTH0004,331.0,46.0,0.0,1120.0,0.0
DTAA/BTH0358,690.0,0.0,0.0,5794.0,0.0
DTAA/BTW0973,1094.0,476.0,0.0,7196.0,0.0
DTAA/BVM0716,690.0,0.0,0.0,6318.0,0.0
DTAA/BWS0872,1080.0,251.0,0.0,5992.0,0.0
DTAA/BXY0648,690.0,0.0,0.0,5065.0,0.0
DTAA/BYB0347,967.0,174.0,0.0,5636.0,0.0
DTAA/BZH0120,690.0,0.0,0.0,6244.0,0.0
DTAA/BZM0434,690.0,172.0,0.0,5654.0,0.0
DTAA/CAC0854,996.0,514.0,0.0,7390.0,0.0
DTAA/CAH0610,690.0,229.0,0.0,6039.0,0.0
DTAA/CAH0921,690.0,345.0,0.0,5402.0,0.0
DTAA/CAM0975,690.0,0.0,0.0,4720.0,0.0
DTAA/CAO0951,690.0,175.0,0.0,4548.0,0.0
DTAA/CAR0015,970.0,345.0,0.0,5225.0,0.0
DTAA/CAV0757,690.0,345.0,0.0,5722.0,0.0
DTAA/CAW0976,955.0,158.0,0.0,5186.0,0.0
DTAA/CBB0075,972.0,690.0,0.0,6989.0,0.0
DTAA/CBC0653,690.0,229.0,0.0,5747.0,0.0
DTAA/CBH0762,690.0,172.0,0.0,4437.0,0.0
DTAA/CBP0628,690.0,345.0,0.0,6833.0,0.0
DTAA/CBR0104,1009.0,345.0,0.0,5603.0,0.0
DTAA/CBR0208,690.0,0.0,0.0,4364.0,0.0
DTAA/CBR0439,972.0,690.0,0.0,5963.0,0.0
DTAA/CCA0349,690.0,0.0,0.0,4096.0,0.0
DTAA/CCB0366,690.0,345.0,0.0,4690.0,0.0
DTAA/CCB0496,975.0,345.0,0.0,3444.0,0.0
DTAA/CCG0876,988.0,173.0,0.0,3946.0,0.0
DTAA/CCH0497,690.0,147.0,0.0,4040.0,0.0
DTAA/CCM0827,841.0,341.0,0.0,2212.0,0.0
DTAA/CDE0193,1023.0,0.0,0.0,3839.0,0.0
DTAA/CDE0810,974.0,345.0,0.0,4418.0,0.0
DTAA/CDF0585,690.0,345.0,0.0,3489.0,0.0
DTAA/CDK0329,720.0,347.0,0.0,3801.0,0.0
DTAA/CDR0453,690.0,345.0,0.0,3282.0,0.0
DTAA/CDS0110,975.0,177.0,0.0,3822.0,0.0
DTAA/CDS0300,690.0,164.0,0.0,3614.0,0.0
DTAA/CDZ0056,1342.0,480.0,0.0,3332.0,0.0
DTAA/CEB0718,690.0,345.0,0.0,2887.0,0.0
DTAA/CGC0877,690.0,345.0,0.0,4673.0,0.0
DTAA/CGH0125,690.0,345.0,0.0,2799.0,0.0
DTAA/CGM0319,1097.0,351.0,0.0,3475.0,0.0
DTAA/CGM0343,1247.0,355.0,0.0,3484.0,0.0
DTAA/CGM0994,5110.0,2665.0,0.0,2005.0,0.0
DTAA/CGR0202,690.0,0.0,0.0,2686.0,0.0
DTAA/CGT0183,690.0,345.0,0.0,3922.0,0.0
DTAA/CHA0174,1276.0,86.0,0.0,2999.0,0.0
DTAA/CHM0645,826.0,180.0,0.0,2829.0,0.0
DTAA/CHS0324,1090.0,429.0,0.0,3189.0,0.0
DTAA/CIB0489,8.0,4.0,0.0,6.0,0.0
DTAA/CJG0638,1198.0,0.0,0.0,2272.0,0.0
DTAA/CJW0317,1185.0,369.0,0.0,3074.0,0.0
DTAA/CKB0536,690.0,187.0,0.0,2402.0,0.0
DTAA/CKR0296,953.0,345.0,0.0,3574.0,0.0
DTAA/CKW0622,690.0,345.0,0.0,2622.0,0.0
DTAA/CLB0995,4836.0,2581.0,0.0,1539.0,0.0
DTAA/CLK0383,1090.0,428.0,0.0,2724.0,0.0
DTAA/CLN0999,4908.0,2572.0,0.0,1322.0,0.0
DTAA/CLP0332,974.0,0.0,0.0,2269.0,0.0
DTAA/CLS0819,690.0,0.0,0.0,2575.0,0.0
DTAA/CMC0814,690.0,345.0,0.0,2967.0,0.0
DTAA/CMF0339,1112.0,441.0,0.0,3050.0,0.0
DTAA/CMM0900,690.0,0.0,0.0,2350.0,0.0
DTAA/CMU0028,690.0,184.0,0.0,2128.0,0.0
DTAA/CNB0615,690.0,180.0,0.0,1976.0,0.0
DTAA/CNS0950,690.0,345.0,0.0,3040.0,0.0
DTAA/CNT0514,690.0,345.0,0.0,2288.0,0.0
DTAA/COS0121,1284.0,481.0,0.0,2155.0,0.0
DTAA/CPM0959,690.0,345.0,0.0,2690.0,0.0
DTAA/CPP0761,702.0,0.0,0.0,2584.0,0.0
DTAA/CPS0559,974.0,345.0,0.0,2354.0,0.0
DTAA/CRC0996,4830.0,2608.0,0.0,1377.0,0.0
DTAA/CRF0074,965.0,345.0,0.0,2660.0,0.0
DTAA/CRJ0934,690.0,0.0,0.0,2322.0,0.0
DTAA/CRM0058,342.0,113.0,0.0,710.0,0.0
DTAA/CSA0071,690.0,0.0,0.0,2598.0,0.0
DTAA/CSB0363,690.0,345.0,0.0,2900.0,0.0
DTAA/CSC0297,1035.0,386.0,0.0,2255.0,0.0
DTAA/CSD0739,690.0,345.0,0.0,2553.0,0.0
DTAA/CSR0189,766.0,408.0,0.0,2223.0,0.0
DTAA/CTF0687,788.0,98.0,0.0,2737.0,0.0
DTAA/CTH0082,804.0,443.0,0.0,3186.0,0.0
DTAA/CTH0856,804.0,299.0,0.0,2144.0,0.0
DTAA/CTR0537,741.0,268.0,0.0,796.0,0.0
DTAA/CVW0133,1054.0,345.0,0.0,2737.0,0.0
DTAA/CWG0305,1081.0,454.0,0.0,3032.0,0.0
DTAA/CYK0330,1089.0,174.0,0.0,2555.0,0.0
DTAA/CZB0163,690.0,345.0,0.0,1818.0,0.0
DTAA/DAG0754,973.0,172.0,0.0,2273.0,0.0
DTAA/DAO0613,818.0,346.0,0.0,1519.0,0.0
DTAA/DAR0341,690.0,345.0,0.0,2311.0,0.0
DTAA/DAV0579,974.0,166.0,0.0,1946.0,0.0
DTAA/DAW0123,440.0,220.0,0.0,831.0,0.0
DTAA/DAW0199,292.0,69.0,0.0,444.0,0.0
DTAA/DAW0221,720.0,262.0,0.0,2608.0,0.0
DTAA/DBA0367,690.0,345.0,0.0,1818.0,0.0
DTAA/DBB0235,1036.0,0.0,0.0,2421.0,0.0
DTAA/DBF0903,1193.0,348.0,0.0,1963.0,0.0
DTAA/DBG0686,690.0,345.0,0.0,2209.0,0.0
DTAA/DBM0698,961.0,345.0,0.0,1771.0,0.0
DTAA/DCB0462,1005.0,691.0,0.0,3162.0,0.0
DTAA/DCC0600,826.0,349.0,0.0,2281.0,0.0
DTAA/DCF0307,690.0,166.0,0.0,2583.0,0.0
DTAA/DCM0725,690.0,0.0,0.0,2223.0,0.0
DTAA/DDD0915,1005.0,434.0,0.0,2761.0,0.0
DTAA/DDJ0535,690.0,345.0,0.0,2559.0,0.0
DTAA/DDK0417,1278.0,86.0,0.0,2379.0,0.0
DTAA/DDW0643,970.0,345.0,0.0,2419.0,0.0
DTAA/DEP0563,690.0,345.0,0.0,2276.0,0.0
DTAA/DFW0798,954.0,0.0,0.0,2221.0,0.0
DTAA/DFZ0063,1080.0,106.0,0.0,1685.0,0.0
DTAA/DGM0240,1206.0,0.0,0.0,2062.0,0.0
DTAA/DIS0382,1136.0,295.0,0.0,1930.0,0.0
DTAA/DJC0162,690.0,409.0,0.0,2768.0,0.0
DTAA/DJW0368,1064.0,256.0,0.0,2364.0,0.0
DTAA/DKB0409,690.0,0.0,0.0,2120.0,0.0
DTAA/DKR0696,690.0,0.0,0.0,2113.0,0.0
DTAA/DLM0723,922.0,352.0,0.0,1961.0,0.0
DTAA/DME0620,690.0,0.0,0.0,2465.0,0.0
DTAA/DMR0377,1214.0,411.0,0.0,2434.0,0.0
DTAA/DNH0619,690.0,0.0,0.0,1947.0,0.0
DTAA/DNM0143,690.0,0.0,0.0,2389.0,0.0
DTAA/DNS0937,1149.0,0.0,0.0,2312.0,0.0
DTAA/DOC0003,690.0,0.0,0.0,1975.0,0.0
DTAA/DOO0986,690.0,0.0,0.0,2209.0,0.0
DTAA/DRD0916,690.0,180.0,0.0,2204.0,0.0
DTAA/DRH0790,690.0,345.0,0.0,2421.0,0.0
DTAA/DRM0312,971.0,345.0,0.0,1799.0,0.0
DTAA/DRN0845,1190.0,0.0,0.0,2178.0,0.0
DTAA/DRO0126,988.0,159.0,0.0,2153.0,0.0
DTAA/DRO0516,690.0,0.0,0.0,1889.0,0.0
DTAA/DRP0428,1132.0,369.0,0.0,1918.0,0.0
DTAA/DSB0887,712.0,170.0,0.0,2283.0,0.0
DTAA/DSH0627,728.0,211.0,0.0,2491.0,0.0
DTAA/DSM0990,4986.0,2645.0,0.0,1299.0,0.0
DTAA/DSS0112,971.0,345.0,0.0,1754.0,0.0
DTAA/DST0527,690.0,345.0,0.0,1727.0,0.0
DTAA/DST0857,690.0,167.0,0.0,2403.0,0.0
DTAA/DTD0380,972.0,0.0,0.0,2162.0,0.0
DTAA/DWB0426,690.0,345.0,0.0,1754.0,0.0
DTAA/DWF0128,445.0,0.0,0.0,390.0,0.0
DTAA/DXM0213,690.0,345.0,0.0,2169.0,0.0
DTAA/EAM0745,690.0,0.0,0.0,2135.0,0.0
DTAA/EAR0695,690.0,345.0,0.0,1779.0,0.0
DTAA/EBP0037,724.0,347.0,0.0,2309.0,0.0
DTAA/EBS0287,972.0,0.0,0.0,1503.0,0.0
DTAA/ECB0185,766.0,177.0,0.0,2110.0,0.0
DTAA/ECB0494,690.0,0.0,0.0,1891.0,0.0
DTAA/ECD0029,668.0,334.0,0.0,2129.0,0.0
DTAA/ECG0753,690.0,345.0,0.0,1771.0,0.0
DTAA/ECM0214,1142.0,180.0,0.0,1797.0,0.0
DTAA/ECT0491,690.0,0.0,0.0,1591.0,0.0
DTAA/EDC0357,690.0,345.0,0.0,1860.0,0.0
DTAA/EDG0766,690.0,0.0,0.0,2020.0,0.0
DTAA/EDH0146,1150.0,403.0,0.0,2624.0,0.0
DTAA/EDR0642,690.0,170.0,0.0,1855.0,0.0
DTAA/EDW0137,690.0,345.0,0.0,2688.0,0.0
DTAA/EEB0134,975.0,0.0,0.0,2095.0,0.0
DTAA/EEK0031,690.0,0.0,0.0,1510.0,0.0
DTAA/EFS0114,690.0,345.0,0.0,2650.0,0.0
DTAA/EGG0294,690.0,182.0,0.0,2356.0,0.0
DTAA/EGM0401,1007.0,350.0,0.0,2471.0,0.0
DTAA/EJB0888,690.0,162.0,0.0,1772.0,0.0
DTAA/EJS0513,969.0,0.0,0.0,1883.0,0.0
DTAA/EKB0587,690.0,174.0,0.0,2388.0,0.0
DTAA/ELA0741,969.0,184.0,0.0,2186.0,0.0
DTAA/ELD1000,4900.0,2364.0,0.0,1640.0,0.0
DTAA/EML0060,690.0,0.0,0.0,2342.0,0.0
DTAA/EMM0782,690.0,167.0,0.0,1784.0,0.0
DTAA/EMR0242,834.0,120.0,0.0,2196.0,0.0
DTAA/EMZ0196,1054.0,173.0,0.0,2319.0,0.0
DTAA/ENB0293,690.0,194.0,0.0,1767.0,0.0
DTAA/END0616,690.0,169.0,0.0,2175.0,0.0
DTAA/ENP0794,690.0,345.0,0.0,2540.0,0.0
DTAA/EOS0972,1242.0,457.0,0.0,1836.0,0.0
DTAA/ERP0254,768.0,347.0,0.0,1927.0,0.0
DTAA/ESB0080,965.0,155.0,0.0,2291.0,0.0
DTAA/EWR0504,987.0,346.0,0.0,1758.0,0.0
DTAA/FAF0578,690.0,345.0,0.0,2604.0,0.0
DTAA/FCG0115,690.0,345.0,0.0,2084.0,0.0
DTAA/FCT0552,690.0,168.0,0.0,2103.0,0.0
DTAA/FDP0500,1150.0,346.0,0.0,2330.0,0.0
DTAA/FES0933,690.0,345.0,0.0,1756.0,0.0
DTAA/FFP0721,994.0,352.0,0.0,1911.0,0.0
DTAA/FGM0119,690.0,0.0,0.0,1918.0,0.0
DTAA/FHM0931,720.0,345.0,0.0,2255.0,0.0
DTAA/FIM0668,690.0,345.0,0.0,2033.0,0.0
DTAA/FJC0138,690.0,345.0,0.0,2074.0,0.0
DTAA/FKR0550,1211.0,463.0,0.0,2091.0,0.0
DTAA/FLC0811,690.0,345.0,0.0,1985.0,0.0
DTAA/FMF0197,690.0,411.0,0.0,2560.0,0.0
DTAA/FNO0471,690.0,178.0,0.0,2283.0,0.0
DTAA/FTB0295,254.0,0.0,0.0,391.0,0.0
DTAA/FUA0154,1073.0,0.0,0.0,2043.0,0.0
DTAA/GBR0420,975.0,345.0,0.0,1734.0,0.0
DTAA/GCH0545,690.0,345.0,0.0,2629.0,0.0
DTAA/GDG0184,1064.0,171.0,0.0,2023.0,0.0
DTAA/GDJ0631,970.0,345.0,0.0,2075.0,0.0
DTAA/GEC0077,690.0,0.0,0.0,2040.0,0.0
DTAA/GHB0863,993.0,186.0,0.0,1938.0,0.0
DTAA/GHC0041,984.0,345.0,0.0,2770.0,0.0
DTAA/GHS0664,690.0,0.0,0.0,2310.0,0.0
DTAA/GJG0820,690.0,345.0,0.0,1964.0,0.0
DTAA/GJH0384,690.0,345.0,0.0,2549.0,0.0
DTAA/GKC0919,740.0,724.0,0.0,2763.0,0.0
DTAA/GKJ0573,690.0,182.0,0.0,2045.0,0.0
DTAA/GLB0715,1140.0,0.0,0.0,1883.0,0.0
DTAA/GMF0571,970.0,345.0,0.0,2034.0,0.0
DTAA/GML0105,812.0,18.0,0.0,773.0,0.0
DTAA/GMS0949,690.0,345.0,0.0,2247.0,0.0
DTAA/GNB0481,690.0,0.0,0.0,1969.0,0.0
DTAA/GNH0394,1044.0,354.0,0.0,1885.0,0.0
DTAA/GRC0474,971.0,345.0,0.0,1693.0,0.0
DTAA/GRG0693,768.0,423.0,0.0,2364.0,0.0
DTAA/GRS0372,1131.0,29.0,0.0,1658.0,0.0
DTAA/GSL0697,750.0,347.0,0.0,2274.0,0.0
DTAA/GTJ0243,690.0,345.0,0.0,1432.0,0.0
DTAA/GTR0327,690.0,345.0,0.0,2689.0,0.0
DTAA/GVH0277,722.0,0.0,0.0,1923.0,0.0
DTAA/GWS0381,690.0,345.0,0.0,2709.0,0.0
DTAA/GYB0248,690.0,178.0,0.0,2296.0,0.0
DTAA/GYT0279,1057.0,212.0,0.0,1748.0,0.0
DTAA/HAG0649,1149.0,206.0,0.0,2111.0,0.0
DTAA/HAS0430,972.0,178.0,0.0,1782.0,0.0
DTAA/HBB0402,1132.0,176.0,0.0,1639.0,0.0
DTAA/HBF0035,954.0,345.0,0.0,2259.0,0.0
DTAA/HBL0517,984.0,171.0,0.0,2207.0,0.0
DTAA/HCC0258,1198.0,164.0,0.0,2106.0,0.0
DTAA/HCG0731,1245.0,140.0,0.0,2102.0,0.0
DTAA/HCJ0171,794.0,207.0,0.0,2108.0,0.0
DTAA/HCM0681,1101.0,354.0,0.0,1201.0,0.0
DTAA/HCP0315,971.0,179.0,0.0,2086.0,0.0
DTAA/HCR0525,690.0,167.0,0.0,2081.0,0.0
DTAA/HCR0795,690.0,345.0,0.0,1607.0,0.0
DTAA/HDB0655,416.0,166.0,0.0,420.0,0.0
DTAA/HDR0261,968.0,402.0,0.0,2504.0,0.0
DTAA/HDR0823,1216.0,0.0,0.0,2062.0,0.0
DTAA/HED0802,1137.0,0.0,0.0,1961.0,0.0
DTAA/HEG0785,690.0,0.0,0.0,2010.0,0.0
DTAA/HER0860,466.0,111.0,0.0,678.0,0.0
DTAA/HFC0680,690.0,0.0,0.0,2043.0,0.0
DTAA/HIB0604,690.0,345.0,0.0,2622.0,0.0
DTAA/HIP0929,690.0,345.0,0.0,1353.0,0.0
DTAA/HJK0057,954.0,345.0,0.0,1652.0,0.0
DTAA/HJP0784,955.0,345.0,0.0,2526.0,0.0
DTAA/HKG0503,690.0,345.0,0.0,2204.0,0.0
DTAA/HKM0260,1048.0,345.0,0.0,2228.0,0.0
DTAA/HKO0796,690.0,345.0,0.0,1972.0,0.0
DTAA/HLA0457,690.0,345.0,0.0,2068.0,0.0
DTAA/HNF0812,286.0,0.0,0.0,156.0,0.0
DTAA/HNK0421,690.0,169.0,0.0,2227.0,0.0
DTAA/HNR0891,960.0,345.0,0.0,2750.0,0.0
DTAA/HNS0858,1169.0,300.0,0.0,2111.0,0.0
DTAA/HOO0224,690.0,345.0,0.0,2294.0,0.0
DTAA/HPF0958,690.0,345.0,0.0,1913.0,0.0
DTAA/HPN0821,690.0,0.0,0.0,1378.0,0.0
DTAA/HRK0729,690.0,345.0,0.0,2190.0,0.0
DTAA/HRT0737,688.0,170.0,0.0,1779.0,0.0
DTAA/HSD0519,1083.0,0.0,0.0,1886.0,0.0
DTAA/HSH0981,690.0,345.0,0.0,2597.0,0.0
DTAA/HSM0389,973.0,345.0,0.0,1680.0,0.0
DTAA/HSR0472,974.0,0.0,0.0,1996.0,0.0
DTAA/HTC0607,1198.0,222.0,0.0,1958.0,0.0
DTAA/HTG0554,690.0,345.0,0.0,2552.0,0.0
DTAA/HTS0265,914.0,129.0,0.0,2054.0,0.0
DTAA/HWG0148,973.0,188.0,0.0,1692.0,0.0
DTAA/IAC0264,690.0,345.0,0.0,2191.0,0.0
DTAA/IAG0152,746.0,475.0,0.0,2441.0,0.0
DTAA/IAH0822,999.0,346.0,0.0,1522.0,0.0
DTAA/ICB0779,590.0,295.0,0.0,1416.0,0.0
DTAA/ICF0629,690.0,345.0,0.0,1632.0,0.0
DTAA/IGB0310,690.0,0.0,0.0,1988.0,0.0
DTAA/IGC0415,690.0,345.0,0.0,2328.0,0.0
DTAA/IHD0259,690.0,0.0,0.0,1736.0,0.0
DTAA/IHF0040,974.0,345.0,0.0,1937.0,0.0
DTAA/IIR0475,974.0,345.0,0.0,2167.0,0.0
DTAA/IJG0454,690.0,0.0,0.0,2165.0,0.0
DTAA/IJJ0342,166.0,83.0,0.0,232.0,0.0
DTAA/IKH0904,1233.0,114.0,0.0,2169.0,0.0
DTAA/IMB0473,1028.0,377.0,0.0,2270.0,0.0
DTAA/IMD0280,690.0,0.0,0.0,2178.0,0.0
DTAA/IMD0776,690.0,187.0,0.0,1982.0,0.0
DTAA/IMF0700,690.0,403.0,0.0,2381.0,0.0
DTAA/IMW0965,690.0,345.0,0.0,1700.0,0.0
DTAA/IRC0991,5015.0,2562.0,0.0,1656.0,0.0
DTAA/IRH0176,142.0,44.0,0.0,63.0,0.0
DTAA/ITC0131,690.0,0.0,0.0,1735.0,0.0
DTAA/IVF0777,690.0,182.0,0.0,1825.0,0.0
DTAA/IVS0463,690.0,0.0,0.0,1684.0,0.0
DTAA/IWM0482,690.0,0.0,0.0,1681.0,0.0
DTAA/JAC0390,690.0,0.0,0.0,1900.0,0.0
DTAA/JAD0531,760.0,169.0,0.0,2153.0,0.0
DTAA/JAH0544,1209.0,280.0,0.0,2040.0,0.0
DTAA/JAM0392,1000.0,346.0,0.0,1580.0,0.0
DTAA/JBA0373,1022.0,356.0,0.0,2265.0,0.0
DTAA/JBL0450,754.0,281.0,0.0,2275.0,0.0
DTAA/JBS0483,973.0,167.0,0.0,1921.0,0.0
DTAA/JBS0654,690.0,0.0,0.0,1955.0,0.0
DTAA/JCC0140,1206.0,345.0,0.0,2351.0,0.0
DTAA/JCC0998,4980.0,2673.0,0.0,893.0,0.0
DTAA/JCG0817,690.0,345.0,0.0,2541.0,0.0
DTAA/JCL0752,690.0,345.0,0.0,1927.0,0.0
DTAA/JCS0873,1070.0,429.0,0.0,1991.0,0.0
DTAA/JCT0410,974.0,345.0,0.0,2094.0,0.0
DTAA/JDM0083,690.0,189.0,0.0,1957.0,0.0
DTAA/JDM0940,690.0,0.0,0.0,2169.0,0.0
DTAA/JDR0685,1114.0,347.0,0.0,1916.0,0.0
DTAA/JFA0081,690.0,345.0,0.0,1893.0,0.0
DTAA/JGB0062,1005.0,159.0,0.0,2277.0,0.0
DTAA/JGC0775,1090.0,441.0,0.0,2484.0,0.0
DTAA/JGS0274,690.0,345.0,0.0,2285.0,0.0
DTAA/JHA0404,1204.0,376.0,0.0,1680.0,0.0
DTAA/JHC0703,716.0,347.0,0.0,2728.0,0.0
DTAA/JHD0512,1196.0,76.0,0.0,1923.0,0.0
DTAA/JHM0408,974.0,345.0,0.0,1902.0,0.0
DTAA/JHN0241,67.0,24.0,0.0,22.0,0.0
DTAA/JIH0640,690.0,0.0,0.0,2041.0,0.0
DTAA/JIP0187,690.0,421.0,0.0,2432.0,0.0
DTAA/JJB0720,690.0,345.0,0.0,2179.0,0.0
DTAA/JJR0278,1132.0,357.0,0.0,2161.0,0.0
DTAA/JKW0464,690.0,0.0,0.0,2254.0,0.0
DTAA/JLC0711,975.0,188.0,0.0,1922.0,0.0
DTAA/JLC0744,788.0,179.0,0.0,1879.0,0.0
DTAA/JLL0301,796.0,56.0,0.0,1982.0,0.0
DTAA/JLL0930,690.0,0.0,0.0,1987.0,0.0
DTAA/JLM0053,962.0,24.0,0.0,978.0,0.0
DTAA/JLV0465,540.0,151.0,0.0,763.0,0.0
DTAA/JMA0875,690.0,0.0,0.0,1889.0,0.0
DTAA/JMC0233,976.0,345.0,0.0,1826.0,0.0
DTAA/JMM0759,1144.0,125.0,0.0,1764.0,0.0
DTAA/JMP0200,690.0,345.0,0.0,2031.0,0.0
DTAA/JMR0906,690.0,345.0,0.0,1310.0,0.0
DTAA/JMR0955,690.0,345.0,0.0,1748.0,0.0
DTAA/JMS0793,690.0,345.0,0.0,1802.0,0.0
DTAA/JNF0543,1073.0,355.0,0.0,1885.0,0.0
DTAA/JPP0841,690.0,153.0,0.0,2230.0,0.0
DTAA/JQH0724,690.0,345.0,0.0,2617.0,0.0
DTAA/JRM0902,48.0,12.0,0.0,17.0,0.0
DTAA/JRP0458,690.0,345.0,0.0,1980.0,0.0
DTAA/JSB0493,990.0,0.0,0.0,2022.0,0.0
DTAA/JSE0020,1133.0,177.0,0.0,1580.0,0.0
DTAA/JSH0326,975.0,192.0,0.0,1842.0,0.0
DTAA/JSH0598,690.0,345.0,0.0,1907.0,0.0
DTAA/JSW0180,1001.0,0.0,0.0,1443.0,0.0
DTAA/JTT0989,4864.0,2506.0,0.0,999.0,0.0
DTAA/JWW0076,690.0,0.0,0.0,1564.0,0.0
DTAA/JXC0393,1108.0,0.0,0.0,2021.0,0.0
DTAA/JXG0567,690.0,345.0,0.0,2224.0,0.0
DTAA/JZO0727,1053.0,161.0,0.0,1546.0,0.0
DTAA/JZV0159,690.0,345.0,0.0,2240.0,0.0
DTAA/KAD0059,1118.0,468.0,0.0,1888.0,0.0
DTAA/KAG0880,1187.0,354.0,0.0,1734.0,0.0
DTAA/KBB0983,690.0,0.0,0.0,2029.0,0.0
DTAA/KBC0337,690.0,345.0,0.0,2209.0,0.0
DTAA/KBC0788,690.0,345.0,0.0,2434.0,0.0
DTAA/KBP0188,690.0,345.0,0.0,1483.0,0.0
DTAA/KCH0987,690.0,345.0,0.0,2076.0,0.0
DTAA/KCN0107,690.0,345.0,0.0,2345.0,0.0
DTAA/KDC0928,690.0,345.0,0.0,2253.0,0.0
DTAA/KDL0806,1211.0,164.0,0.0,1584.0,0.0
DTAA/KEE0997,4942.0,2364.0,0.0,970.0,0.0
DTAA/KEH0055,690.0,162.0,0.0,1843.0,0.0
DTAA/KES0043,690.0,0.0,0.0,1932.0,0.0
DTAA/KFF0225,690.0,524.0,0.0,2932.0,0.0
DTAA/KGC0456,690.0,345.0,0.0,1425.0,0.0
DTAA/KGS0398,1111.0,362.0,0.0,2243.0,0.0
DTAA/KIM0617,690.0,186.0,0.0,1978.0,0.0
DTAA/KIN0073,916.0,352.0,0.0,1554.0,0.0
DTAA/KJG0378,920.0,347.0,0.0,1213.0,0.0
DTAA/KJM0614,950.0,417.0,0.0,2409.0,0.0
DTAA/KKC0575,690.0,0.0,0.0,1891.0,0.0
DTAA/KKT0039,1192.0,163.0,0.0,1919.0,0.0
DTAA/KKW0676,971.0,0.0,0.0,2154.0,0.0
DTAA/KKW0945,999.0,345.0,0.0,1926.0,0.0
DTAA/KLS0717,1081.0,347.0,0.0,1990.0,0.0
DTAA/KMC0840,690.0,345.0,0.0,1652.0,0.0
DTAA/KMG0002,690.0,345.0,0.0,2530.0,0.0
DTAA/KMW0755,690.0,345.0,0.0,2478.0,0.0
DTAA/KNC0403,690.0,162.0,0.0,2110.0,0.0
DTAA/KNH0719,690.0,167.0,0.0,1954.0,0.0
DTAA/KNJ0633,690.0,0.0,0.0,1596.0,0.0
DTAA/KPB0665,370.0,98.0,0.0,474.0,0.0
DTAA/KPC0158,690.0,345.0,0.0,2163.0,0.0
DTAA/KPS0299,690.0,175.0,0.0,1585.0,0.0
DTAA/KRC0021,1212.0,369.0,0.0,1708.0,0.0
DTAA/KRC0455,1193.0,165.0,0.0,1872.0,0.0
DTAA/KRD0507,951.0,345.0,0.0,1606.0,0.0
DTAA/KSB0673,984.0,346.0,0.0,2084.0,0.0
DTAA/KSO0749,690.0,169.0,0.0,1699.0,0.0
DTAA/KSP0927,806.0,46.0,0.0,1786.0,0.0
DTAA/KSW0597,690.0,404.0,0.0,2262.0,0.0
DTAA/KTC0285,690.0,173.0,0.0,2070.0,0.0
DTAA/KTM0960,690.0,177.0,0.0,1894.0,0.0
DTAA/KUC0848,690.0,0.0,0.0,1851.0,0.0
DTAA/KVH0355,954.0,0.0,0.0,1736.0,0.0
DTAA/KYH0920,690.0,0.0,0.0,1529.0,0.0
DTAA/LAH0397,690.0,234.0,0.0,2022.0,0.0
DTAA/LAH0710,690.0,183.0,0.0,2078.0,0.0
DTAA/LAL0170,690.0,345.0,0.0,1518.0,0.0
DTAA/LAM0952,690.0,0.0,0.0,1730.0,0.0
DTAA/LAT0452,690.0,690.0,0.0,2676.0,0.0
DTAA/LAW0437,690.0,345.0,0.0,1724.0,0.0
DTAA/LBB0095,1232.0,348.0,0.0,2252.0,0.0
DTAA/LBC0422,690.0,345.0,0.0,1699.0,0.0
DTAA/LBD0946,690.0,345.0,0.0,1998.0,0.0
DTAA/LCC0556,690.0,167.0,0.0,2104.0,0.0
DTAA/LCG0011,690.0,345.0,0.0,2208.0,0.0
DTAA/LCG0546,973.0,181.0,0.0,1587.0,0.0
DTAA/LCK0551,690.0,345.0,0.0,2355.0,0.0
DTAA/LCK0666,1094.0,514.0,0.0,2691.0,0.0
DTAA/LCL0792,690.0,345.0,0.0,1460.0,0.0
DTAA/LCP0359,690.0,345.0,0.0,2394.0,0.0
DTAA/LDB0961,1087.0,414.0,0.0,2331.0,0.0
DTAA/LDG0406,999.0,0.0,0.0,1704.0,0.0
DTAA/LDM0318,520.0,260.0,0.0,581.0,0.0
DTAA/LEH0561,690.0,0.0,0.0,1884.0,0.0
DTAA/LGA0042,690.0,0.0,0.0,1215.0,0.0
DTAA/LGV0288,690.0,187.0,0.0,1692.0,0.0
DTAA/LIB0089,690.0,345.0,0.0,1621.0,0.0
DTAA/LID0942,1070.0,183.0,0.0,1680.0,0.0
DTAA/LJB0492,690.0,0.0,0.0,1730.0,0.0
DTAA/LJR0772,820.0,441.0,0.0,2204.0,0.0
DTAA/LJU0036,690.0,0.0,0.0,1946.0,0.0
DTAA/LKY0181,319.0,26.0,0.0,202.0,0.0
DTAA/LLB0843,954.0,182.0,0.0,1195.0,0.0
DTAA/LLK0316,690.0,0.0,0.0,1650.0,0.0
DTAA/LMH0690,690.0,511.0,0.0,2585.0,0.0
DTAA/LMJ0323,214.0,107.0,0.0,215.0,0.0
DTAA/LND0767,690.0,345.0,0.0,2017.0,0.0
DTAA/LNM0509,690.0,0.0,0.0,1782.0,0.0
DTAA/LPB0141,690.0,0.0,0.0,1784.0,0.0
DTAA/LPG0099,1109.0,0.0,0.0,1433.0,0.0
DTAA/LQA0232,956.0,0.0,0.0,2094.0,0.0
DTAA/LRH0747,1193.0,196.0,0.0,1884.0,0.0
DTAA/LRS0325,690.0,0.0,0.0,1766.0,0.0
DTAA/LSV0944,690.0,345.0,0.0,1487.0,0.0
DTAA/LTB0150,690.0,345.0,0.0,2414.0,0.0
DTAA/LTM0418,1187.0,172.0,0.0,1902.0,0.0
DTAA/LVC0027,690.0,507.0,0.0,2582.0,0.0
DTAA/LYC0672,690.0,0.0,0.0,1767.0,0.0
DTAA/MAB0532,794.0,169.0,0.0,1663.0,0.0
DTAA/MAG0290,740.0,0.0,0.0,1741.0,0.0
DTAA/MAH0712,690.0,235.0,0.0,2131.0,0.0
DTAA/MAM0947,690.0,411.0,0.0,2287.0,0.0
DTAA/MBD0602,690.0,0.0,0.0,1637.0,0.0
DTAA/MBR0166,1012.0,0.0,0.0,1669.0,0.0
DTAA/MBZ0932,690.0,345.0,0.0,2138.0,0.0
DTAA/MCC0851,690.0,0.0,0.0,1584.0,0.0
DTAA/MCF0427,752.0,294.0,0.0,1979.0,0.0
DTAA/MCF0985,959.0,0.0,0.0,1690.0,0.0
DTAA/MCH0530,1225.0,416.0,0.0,1615.0,0.0
DTAA/MCM0090,690.0,189.0,0.0,1504.0,0.0
DTAA/MCM0346,1112.0,345.0,0.0,2137.0,0.0
DTAA/MCR0314,690.0,345.0,0.0,1885.0,0.0
DTAA/MCR0375,1028.0,350.0,0.0,1902.0,0.0
DTAA/MDC0595,690.0,170.0,0.0,1655.0,0.0
DTAA/MDS0742,690.0,408.0,0.0,2159.0,0.0
DTAA/MDT0356,1127.0,167.0,0.0,1899.0,0.0
DTAA/MED0748,690.0,345.0,0.0,2097.0,0.0
DTAA/MEV0886,1040.0,376.0,0.0,1965.0,0.0
DTAA/MFN0656,690.0,345.0,0.0,1901.0,0.0
DTAA/MGB0728,690.0,345.0,0.0,1976.0,0.0
DTAA/MGF0743,690.0,345.0,0.0,1890.0,0.0
DTAA/MGY0732,766.0,0.0,0.0,464.0,0.0
DTAA/MHM0988,690.0,345.0,0.0,1647.0,0.0
DTAA/MIC0914,1269.0,62.0,0.0,1948.0,0.0
DTAA/MIH0429,690.0,345.0,0.0,2589.0,0.0
DTAA/MIK0034,1089.0,357.0,0.0,1207.0,0.0
DTAA/MJF0892,1151.0,176.0,0.0,1791.0,0.0
DTAA/MJK0212,690.0,169.0,0.0,1537.0,0.0
DTAA/MJM0228,704.0,14.0,0.0,1804.0,0.0
DTAA/MJM0469,972.0,345.0,0.0,1928.0,0.0
DTAA/MJP0603,690.0,170.0,0.0,1907.0,0.0
DTAA/MKG0273,690.0,171.0,0.0,1736.0,0.0
DTAA/MKN0234,690.0,0.0,0.0,1715.0,0.0
DTAA/MLC0238,690.0,163.0,0.0,1812.0,0.0
DTAA/MMF0289,1180.0,172.0,0.0,1897.0,0.0
DTAA/MMH0581,1008.0,349.0,0.0,2160.0,0.0
DTAA/MMH0612,983.0,0.0,0.0,1837.0,0.0
DTAA/MNB0956,748.0,159.0,0.0,1590.0,0.0
DTAA/MND0048,96.0,34.0,0.0,18.0,0.0
DTAA/MND0675,690.0,345.0,0.0,1986.0,0.0
DTAA/MOA0526,690.0,0.0,0.0,2046.0,0.0
DTAA/MPA0136,690.0,180.0,0.0,1862.0,0.0
DTAA/MQL0135,1056.0,390.0,0.0,1468.0,0.0
DTAA/MRL0518,64.0,29.0,0.0,20.0,0.0
DTAA/MRM0205,690.0,186.0,0.0,1224.0,0.0
DTAA/MRS0395,690.0,0.0,0.0,1281.0,0.0
DTAA/MSH0322,690.0,345.0,0.0,1755.0,0.0
DTAA/MSK0862,690.0,177.0,0.0,1637.0,0.0
DTAA/MSM0226,1018.0,0.0,0.0,1610.0,0.0
DTAA/MSP0078,690.0,0.0,0.0,2020.0,0.0
DTAA/MST0883,332.0,166.0,0.0,451.0,0.0
DTAA/MSV0506,1074.0,457.0,0.0,2194.0,0.0
DTAA/MTC0538,690.0,345.0,0.0,2106.0,0.0
DTAA/MTM0239,690.0,345.0,0.0,2383.0,0.0
DTAA/MTS0084,690.0,0.0,0.0,2009.0,0.0
DTAA/MVL0885,690.0,345.0,0.0,1864.0,0.0
DTAA/MVP0572,988.0,199.0,0.0,1429.0,0.0
DTAA/MVW0630,1120.0,430.0,0.0,2026.0,0.0
DTAA/MWH0853,690.0,345.0,0.0,1806.0,0.0
DTAA/MWJ0837,690.0,345.0,0.0,1591.0,0.0
DTAA/MXM0271,1206.0,175.0,0.0,1645.0,0.0
DTAA/MXM0838,971.0,345.0,0.0,1647.0,0.0
DTAA/MZB0206,690.0,165.0,0.0,1575.0,0.0
DTAA/MZW0111,826.0,352.0,0.0,1135.0,0.0
DTAA/NAC0161,1132.0,351.0,0.0,1766.0,0.0
DTAA/NAT0252,530.0,265.0,0.0,831.0,0.0
DTAA/NAW0939,690.0,184.0,0.0,1725.0,0.0
DTAA/NBB0501,690.0,345.0,0.0,1355.0,0.0
DTAA/NBT0479,969.0,345.0,0.0,1832.0,0.0
DTAA/NCW0246,973.0,181.0,0.0,1478.0,0.0
DTAA/NDH0524,690.0,345.0,0.0,1610.0,0.0
DTAA/NDH0807,394.0,0.0,0.0,192.0,0.0
DTAA/NDM0893,1073.0,397.0,0.0,1630.0,0.0
DTAA/NDS0490,878.0,465.0,0.0,2000.0,0.0
DTAA/NEP0644,690.0,156.0,0.0,1838.0,0.0
DTAA/NET0306,690.0,168.0,0.0,1854.0,0.0
DTAA/NFD0706,1153.0,178.0,0.0,1899.0,0.0
DTAA/NGC0624,1080.0,352.0,0.0,2067.0,0.0
DTAA/NHH0566,1044.0,428.0,0.0,2015.0,0.0
DTAA/NHL0253,1212.0,63.0,0.0,1271.0,0.0
DTAA/NHL0521,1058.0,177.0,0.0,1781.0,0.0
DTAA/NIC0901,690.0,151.0,0.0,1925.0,0.0
DTAA/NJC0459,690.0,0.0,0.0,1549.0,0.0
DTAA/NJD0267,690.0,345.0,0.0,1598.0,0.0
DTAA/NJH0593,690.0,0.0,0.0,1767.0,0.0
DTAA/NJM0476,690.0,345.0,0.0,2196.0,0.0
DTAA/NJS0448,954.0,237.0,0.0,2004.0,0.0
DTAA/NJW0094,690.0,0.0,0.0,1919.0,0.0
DTAA/NKM0018,956.0,345.0,0.0,1683.0,0.0
DTAA/NLD0701,690.0,345.0,0.0,1545.0,0.0
DTAA/NMC0251,724.0,345.0,0.0,1795.0,0.0
DTAA/NMR0621,973.0,180.0,0.0,1857.0,0.0
DTAA/NNB0443,969.0,345.0,0.0,1236.0,0.0
DTAA/NNS0898,690.0,175.0,0.0,1595.0,0.0
DTAA/NQC0925,690.0,345.0,0.0,1606.0,0.0
DTAA/NRH0276,690.0,0.0,0.0,1318.0,0.0
DTAA/NRM0093,734.0,352.0,0.0,1733.0,0.0
DTAA/NRS0477,690.0,345.0,0.0,2428.0,0.0
DTAA/NSC0842,1086.0,182.0,0.0,1643.0,0.0
DTAA/NSD0763,690.0,0.0,0.0,1584.0,0.0
DTAA/NSP0910,862.0,0.0,0.0,1401.0,0.0
DTAA/NTO0396,690.0,345.0,0.0,1554.0,0.0
DTAA/NWC0765,690.0,392.0,0.0,2153.0,0.0
DTAA/NWG0682,690.0,345.0,0.0,1701.0,0.0
DTAA/NWT0708,476.0,238.0,0.0,520.0,0.0
DTAA/NZD0771,690.0,0.0,0.0,1945.0,0.0
DTAA/OAR0291,970.0,345.0,0.0,1637.0,0.0
DTAA/OBD0786,975.0,0.0,0.0,1646.0,0.0
DTAA/OBF0564,690.0,345.0,0.0,2001.0,0.0
DTAA/ODW0839,730.0,351.0,0.0,2345.0,0.0
DTAA/OES0636,690.0,0.0,0.0,1928.0,0.0
DTAA/OHA0451,690.0,345.0,0.0,1760.0,0.0
DTAA/OHW0215,690.0,345.0,0.0,2429.0,0.0
DTAA/OIR0424,690.0,0.0,0.0,1854.0,0.0
DTAA/OJG0866,690.0,690.0,0.0,2411.0,0.0
DTAA/OJH0425,1096.0,347.0,0.0,1975.0,0.0
DTAA/OKG0160,996.0,347.0,0.0,1640.0,0.0
DTAA/OLR0984,292.0,146.0,0.0,334.0,0.0
DTAA/ONB0177,962.0,345.0,0.0,1439.0,0.0
DTAA/ONQ0625,690.0,0.0,0.0,1548.0,0.0
DTAA/ORW0580,690.0,0.0,0.0,1761.0,0.0
DTAA/OSH0281,690.0,345.0,0.0,1469.0,0.0
DTAA/OSS0859,964.0,345.0,0.0,1709.0,0.0
DTAA/OTS0256,690.0,345.0,0.0,1738.0,0.0
DTAA/OUS0565,558.0,200.0,0.0,412.0,0.0
DTAA/OXC0609,690.0,345.0,0.0,1460.0,0.0
DTAA/OYR0801,1096.0,516.0,0.0,2388.0,0.0
DTAA/OZD0789,690.0,345.0,0.0,1636.0,0.0
DTAA/OZM0468,690.0,0.0,0.0,1754.0,0.0
DTAA/PAC0722,690.0,0.0,0.0,1977.0,0.0
DTAA/PAG0557,690.0,345.0,0.0,2145.0,0.0
DTAA/PBH0441,262.0,0.0,0.0,282.0,0.0
DTAA/PCM0846,1151.0,473.0,0.0,2068.0,0.0
DTAA/PCO0684,690.0,0.0,0.0,1527.0,0.0
DTAA/PCS0097,690.0,0.0,0.0,1763.0,0.0
DTAA/PDB0413,88.0,0.0,0.0,45.0,0.0
DTAA/PDS0896,690.0,165.0,0.0,1763.0,0.0
DTAA/PFF0657,690.0,0.0,0.0,1897.0,0.0
DTAA/PID0096,976.0,345.0,0.0,1229.0,0.0
DTAA/PIG0194,690.0,175.0,0.0,1745.0,0.0
DTAA/PIP0746,1019.0,346.0,0.0,2056.0,0.0
DTAA/PJL0320,1120.0,464.0,0.0,2149.0,0.0
DTAA/PJS0809,914.0,345.0,0.0,1548.0,0.0
DTAA/PKH0542,854.0,305.0,0.0,1078.0,0.0
DTAA/PKM0092,1038.0,377.0,0.0,2119.0,0.0
DTAA/PKM0411,690.0,345.0,0.0,2058.0,0.0
DTAA/PMB0702,1061.0,46.0,0.0,1938.0,0.0
DTAA/PMG0890,690.0,0.0,0.0,1962.0,0.0
DTAA/PML0209,690.0,0.0,0.0,1707.0,0.0
DTAA/PRB0157,690.0,0.0,0.0,1527.0,0.0
DTAA/PRB0568,690.0,345.0,0.0,1493.0,0.0
DTAA/PRH0825,690.0,345.0,0.0,1615.0,0.0
DTAA/PRR0982,690.0,345.0,0.0,1639.0,0.0
DTAA/PSP0555,1205.0,348.0,0.0,1645.0,0.0
DTAA/PTH0957,690.0,345.0,0.0,2167.0,0.0
DTAA/PUH0847,792.0,441.0,0.0,1594.0,0.0
DTAA/PVH0124,690.0,345.0,0.0,1673.0,0.0
DTAA/PVW0713,690.0,345.0,0.0,1934.0,0.0
DTAA/PXB0069,981.0,0.0,0.0,1839.0,0.0
DTAA/QAM0113,690.0,345.0,0.0,1709.0,0.0
DTAA/QCD0829,963.0,345.0,0.0,1741.0,0.0
DTAA/QGF0292,1157.0,170.0,0.0,1741.0,0.0
DTAA/QGM0222,690.0,184.0,0.0,1489.0,0.0
DTAA/QKR0651,830.0,356.0,0.0,2065.0,0.0
DTAA/QLC0632,690.0,169.0,0.0,1232.0,0.0
DTAA/QLW0941,1153.0,0.0,0.0,1353.0,0.0
DTAA/QNC0832,1188.0,350.0,0.0,1724.0,0.0
DTAA/QNK0574,690.0,345.0,0.0,2136.0,0.0
DTAA/QOH0361,946.0,0.0,0.0,1579.0,0.0
DTAA/QVM0338,690.0,0.0,0.0,1724.0,0.0
DTAA/QZD0164,970.0,0.0,0.0,1721.0,0.0
DTAA/RAA0594,690.0,0.0,0.0,1623.0,0.0
DTAA/RAC0282,993.0,18.0,0.0,1559.0,0.0
DTAA/RAH0968,836.0,83.0,0.0,1648.0,0.0
DTAA/RAY0882,966.0,0.0,0.0,1363.0,0.0
DTAA/RBB0229,690.0,690.0,0.0,2303.0,0.0
DTAA/RBC0583,1168.0,28.0,0.0,1324.0,0.0
DTAA/RBC0879,1079.0,88.0,0.0,1908.0,0.0
DTAA/RBY0065,838.0,393.0,0.0,1850.0,0.0
DTAA/RCF0540,690.0,345.0,0.0,1389.0,0.0
DTAA/RCR0864,690.0,345.0,0.0,1549.0,0.0
DTAA/RCW0436,690.0,176.0,0.0,1479.0,0.0
DTAA/RDG0335,690.0,0.0,0.0,1489.0,0.0
DTAA/RDG0350,690.0,345.0,0.0,2139.0,0.0
DTAA/RDH0117,690.0,345.0,0.0,1963.0,0.0
DTAA/RDP0855,690.0,345.0,0.0,1287.0,0.0
DTAA/RDT0659,963.0,0.0,0.0,1544.0,0.0
DTAA/REK0484,678.0,222.0,0.0,1669.0,0.0
DTAA/RER0237,961.0,345.0,0.0,1710.0,0.0
DTAA/RES0962,794.0,351.0,0.0,1308.0,0.0
DTAA/RHP0688,924.0,0.0,0.0,1279.0,0.0
DTAA/RIG0024,272.0,61.0,0.0,294.0,0.0
DTAA/RIM0938,690.0,345.0,0.0,2075.0,0.0
DTAA/RJP0286,690.0,345.0,0.0,1993.0,0.0
DTAA/RJP0345,971.0,165.0,0.0,1709.0,0.0
DTAA/RJP0874,690.0,0.0,0.0,1624.0,0.0
DTAA/RJW0590,690.0,160.0,0.0,1803.0,0.0
DTAA/RKC0190,690.0,345.0,0.0,1650.0,0.0
DTAA/RKC0733,690.0,401.0,0.0,1911.0,0.0
DTAA/RKD0255,690.0,345.0,0.0,1850.0,0.0
DTAA/RLC0019,690.0,164.0,0.0,1789.0,0.0
DTAA/RLC0442,778.0,430.0,0.0,1777.0,0.0
DTAA/RLE0844,690.0,345.0,0.0,1715.0,0.0
DTAA/RLS0935,690.0,345.0,0.0,1894.0,0.0
DTAA/RLS0966,690.0,0.0,0.0,1717.0,0.0
DTAA/RLW0861,690.0,431.0,0.0,2025.0,0.0
DTAA/RME0699,1126.0,167.0,0.0,1693.0,0.0
DTAA/ROC0257,690.0,345.0,0.0,1705.0,0.0
DTAA/ROM0419,690.0,345.0,0.0,1190.0,0.0
DTAA/RQH0770,1012.0,385.0,0.0,1729.0,0.0
DTAA/RRF0245,690.0,210.0,0.0,1757.0,0.0
DTAA/RRL0780,956.0,175.0,0.0,1675.0,0.0
DTAA/RSG0385,690.0,0.0,0.0,1606.0,0.0
DTAA/RSJ0328,690.0,164.0,0.0,1656.0,0.0
DTAA/RTH0376,88.0,0.0,0.0,41.0,0.0
DTAA/RVM0826,690.0,345.0,0.0,1787.0,0.0
DTAA/RVS0852,1208.0,195.0,0.0,1742.0,0.0
DTAA/RWD0210,690.0,345.0,0.0,1853.0,0.0
DTAA/RXE0207,1019.0,161.0,0.0,1715.0,0.0
DTAA/RXM0204,885.0,0.0,0.0,681.0,0.0
DTAA/RZW0369,961.0,345.0,0.0,2054.0,0.0
DTAA/SAE0683,176.0,88.0,0.0,186.0,0.0
DTAA/SAH0192,1080.0,113.0,0.0,1526.0,0.0
DTAA/SAM0954,912.0,0.0,0.0,1252.0,0.0
DTAA/SAO0167,690.0,0.0,0.0,1700.0,0.0
DTAA/SAP0304,1036.0,230.0,0.0,1707.0,0.0
DTAA/SAS0433,690.0,0.0,0.0,1228.0,0.0
DTAA/SAS0601,690.0,387.0,0.0,2017.0,0.0
DTAA/SBB0044,690.0,345.0,0.0,1835.0,0.0
DTAA/SBC0360,690.0,0.0,0.0,1550.0,0.0
DTAA/SBH0674,1091.0,359.0,0.0,1315.0,0.0
DTAA/SBK0108,690.0,0.0,0.0,1449.0,0.0
DTAA/SBM0217,690.0,345.0,0.0,1823.0,0.0
DTAA/SCB0529,690.0,345.0,0.0,1938.0,0.0
DTAA/SCJ0498,969.0,345.0,0.0,1593.0,0.0
DTAA/SCK0576,690.0,163.0,0.0,1389.0,0.0
DTAA/SCW0707,1155.0,166.0,0.0,1334.0,0.0
DTAA/SDC0032,1121.0,301.0,0.0,1673.0,0.0
DTAA/SDL0679,690.0,221.0,0.0,1800.0,0.0
DTAA/SDM0333,690.0,0.0,0.0,1583.0,0.0
DTAA/SDR0010,690.0,168.0,0.0,1626.0,0.0
DTAA/SEF0446,769.0,275.0,0.0,529.0,0.0
DTAA/SER0835,690.0,0.0,0.0,1716.0,0.0
DTAA/SES0660,38.0,0.0,0.0,5.0,0.0
DTAA/SFS0308,690.0,345.0,0.0,2033.0,0.0
DTAA/SGC0118,690.0,0.0,0.0,1422.0,0.0
DTAA/SGG0584,963.0,345.0,0.0,2061.0,0.0
DTAA/SGS0352,690.0,345.0,0.0,1804.0,0.0
DTAA/SHR0025,1207.0,237.0,0.0,1528.0,0.0
DTAA/SHS0608,690.0,345.0,0.0,1212.0,0.0
DTAA/SHT0953,690.0,345.0,0.0,1828.0,0.0
DTAA/SIP0805,690.0,0.0,0.0,1523.0,0.0
DTAA/SIR0586,690.0,177.0,0.0,1403.0,0.0
DTAA/SJA0691,1006.0,345.0,0.0,1222.0,0.0
DTAA/SJB0751,690.0,345.0,0.0,1791.0,0.0
DTAA/SJC0487,890.0,351.0,0.0,1646.0,0.0
DTAA/SJC0735,690.0,345.0,0.0,1729.0,0.0
DTAA/SJH0588,1117.0,449.0,0.0,2185.0,0.0
DTAA/SJH0907,690.0,345.0,0.0,1538.0,0.0
DTAA/SKB0263,690.0,0.0,0.0,1595.0,0.0
DTAA/SKH0467,1002.0,346.0,0.0,1188.0,0.0
DTAA/SKL0881,974.0,345.0,0.0,2195.0,0.0
DTAA/SKP0270,690.0,345.0,0.0,1780.0,0.0
DTAA/SKW0871,972.0,345.0,0.0,1617.0,0.0
DTAA/SLC0778,964.0,345.0,0.0,1626.0,0.0
DTAA/SLG0008,690.0,172.0,0.0,1809.0,0.0
DTAA/SLM0589,690.0,175.0,0.0,1637.0,0.0
DTAA/SLM0781,973.0,345.0,0.0,1906.0,0.0
DTAA/SMC0139,910.0,171.0,0.0,1569.0,0.0
DTAA/SMD0773,690.0,345.0,0.0,1421.0,0.0
DTAA/SML0086,949.0,345.0,0.0,1418.0,0.0
DTAA/SML0486,957.0,0.0,0.0,1741.0,0.0
DTAA/SMW0913,690.0,0.0,0.0,1472.0,0.0
DTAA/SND0611,690.0,380.0,0.0,2025.0,0.0
DTAA/SOG0461,690.0,154.0,0.0,1695.0,0.0
DTAA/SOM0478,864.0,0.0,0.0,1070.0,0.0
DTAA/SPK0818,1003.0,173.0,0.0,1462.0,0.0
DTAA/SRN0275,1131.0,576.0,0.0,2221.0,0.0
DTAA/SSB0151,690.0,0.0,0.0,1571.0,0.0
DTAA/SSC0047,972.0,239.0,0.0,1770.0,0.0
DTAA/SSC0387,690.0,239.0,0.0,1766.0,0.0
DTAA/SSH0085,690.0,345.0,0.0,1904.0,0.0
DTAA/SSH0144,1144.0,182.0,0.0,1310.0,0.0
DTAA/SSV0560,206.0,118.0,0.0,200.0,0.0
DTAA/SSW0815,690.0,345.0,0.0,1319.0,0.0
DTAA/STC0066,690.0,345.0,0.0,1711.0,0.0
DTAA/STF0145,1080.0,89.0,0.0,1923.0,0.0
DTAA/SVC0175,690.0,345.0,0.0,1685.0,0.0
DTAA/SVM0756,690.0,0.0,0.0,1602.0,0.0
DTAA/SWM0768,690.0,345.0,0.0,1903.0,0.0
DTAA/SXH0895,734.0,352.0,0.0,977.0,0.0
DTAA/TAO0639,738.0,345.0,0.0,1613.0,0.0
DTAA/TCH0230,690.0,0.0,0.0,1257.0,0.0
DTAA/TCR0218,560.0,136.0,0.0,592.0,0.0
DTAA/TDW0348,690.0,0.0,0.0,1469.0,0.0
DTAA/TEG0502,690.0,177.0,0.0,1652.0,0.0
DTAA/TER0923,690.0,0.0,0.0,1403.0,0.0
DTAA/TFS0216,690.0,345.0,0.0,1242.0,0.0
DTAA/TGC0670,1145.0,349.0,0.0,1464.0,0.0
DTAA/THB0783,690.0,0.0,0.0,1615.0,0.0
DTAA/THL0671,718.0,0.0,0.0,1207.0,0.0
DTAA/THS0006,690.0,0.0,0.0,1246.0,0.0
DTAA/TIW0195,690.0,0.0,0.0,1374.0,0.0
DTAA/TJP0714,1030.0,22.0,0.0,1212.0,0.0
DTAA/TKG0523,690.0,394.0,0.0,1950.0,0.0
DTAA/TKH0211,1091.0,447.0,0.0,2093.0,0.0
DTAA/TLB0017,824.0,0.0,0.0,1100.0,0.0
DTAA/TLB0831,690.0,171.0,0.0,1352.0,0.0
DTAA/TLV0936,690.0,345.0,0.0,1546.0,0.0
DTAA/TNB0740,742.0,0.0,0.0,1378.0,0.0
DTAA/TPC0102,1199.0,403.0,0.0,1570.0,0.0
DTAA/TQC0249,730.0,357.0,0.0,1345.0,0.0
DTAA/TRB0414,1148.0,363.0,0.0,1603.0,0.0
DTAA/TRP0068,690.0,345.0,0.0,1577.0,0.0
DTAA/TRT0979,322.0,161.0,0.0,302.0,0.0
DTAA/TSC0431,690.0,174.0,0.0,1695.0,0.0
DTAA/TSM0130,962.0,412.0,0.0,1846.0,0.0
DTAA/TTG0637,690.0,389.0,0.0,1976.0,0.0
DTAA/TUA0298,1149.0,359.0,0.0,1614.0,0.0
DTAA/TXR0884,690.0,0.0,0.0,1749.0,0.0
DTAA/TZB0870,690.0,345.0,0.0,1126.0,0.0
DTAA/UAD0165,690.0,345.0,0.0,1921.0,0.0
DTAA/UBB0186,690.0,345.0,0.0,1711.0,0.0
DTAA/UBH0964,968.0,0.0,0.0,1675.0,0.0
DTAA/UCM0106,690.0,345.0,0.0,1725.0,0.0
DTAA/UGW0223,88.0,44.0,0.0,30.0,0.0
DTAA/UJC0849,690.0,0.0,0.0,1690.0,0.0
DTAA/ULB0178,1002.0,0.0,0.0,1411.0,0.0
DTAA/UMB0449,998.0,164.0,0.0,1383.0,0.0
DTAA/UMK0142,690.0,0.0,0.0,1550.0,0.0
DTAA/USB0641,668.0,668.0,0.0,1816.0,0.0
DTAA/VAH0262,1095.0,365.0,0.0,1914.0,0.0
DTAA/VAP0168,962.0,391.0,0.0,1871.0,0.0
DTAA/VBW0447,690.0,0.0,0.0,1597.0,0.0
DTAA/VCG0663,1147.0,354.0,0.0,1220.0,0.0
DTAA/VDP0070,690.0,0.0,0.0,1371.0,0.0
DTAA/VFP0669,1189.0,349.0,0.0,1506.0,0.0
DTAA/VFS0231,690.0,183.0,0.0,1556.0,0.0
DTAA/VFT0014,690.0,0.0,0.0,1795.0,0.0
DTAA/VIR0488,690.0,161.0,0.0,1498.0,0.0
DTAA/VJD0704,690.0,0.0,0.0,1374.0,0.0
DTAA/VKB0605,690.0,0.0,0.0,1378.0,0.0
DTAA/VMA0051,996.0,0.0,0.0,1483.0,0.0
DTAA/VMF0423,410.0,0.0,0.0,311.0,0.0
DTAA/VMM0309,922.0,167.0,0.0,1198.0,0.0
DTAA/VNM0127,768.0,423.0,0.0,2049.0,0.0
DTAA/VUF0522,955.0,182.0,0.0,1723.0,0.0
DTAA/WAB0970,690.0,0.0,0.0,1595.0,0.0
DTAA/WAH0813,690.0,177.0,0.0,1679.0,0.0
DTAA/WBW0591,690.0,345.0,0.0,1848.0,0.0
DTAA/WCB0440,690.0,180.0,0.0,1334.0,0.0
DTAA/WCM0391,690.0,345.0,0.0,1843.0,0.0
DTAA/WCN0570,742.0,383.0,0.0,1881.0,0.0
DTAA/WDW0064,690.0,0.0,0.0,1612.0,0.0
DTAA/WDW0198,690.0,0.0,0.0,1344.0,0.0
DTAA/WDW0485,1096.0,0.0,0.0,1338.0,0.0
DTAA/WFH0909,690.0,345.0,0.0,1715.0,0.0
DTAA/WFL0495,466.0,154.0,0.0,299.0,0.0
DTAA/WGL0515,690.0,345.0,0.0,1778.0,0.0
DTAA/WJG0153,971.0,0.0,0.0,1350.0,0.0
DTAA/WJR0592,690.0,178.0,0.0,1345.0,0.0
DTAA/WKH0407,954.0,345.0,0.0,1644.0,0.0
DTAA/WLB0169,958.0,173.0,0.0,1589.0,0.0
DTAA/WMJ0364,971.0,185.0,0.0,1362.0,0.0
DTAA/WNS0816,976.0,0.0,0.0,1544.0,0.0
DTAA/WOT0549,1163.0,422.0,0.0,1390.0,0.0
DTAA/WPH0764,690.0,0.0,0.0,1562.0,0.0
DTAA/WSL0470,971.0,0.0,0.0,1319.0,0.0
DTAA/WTA0867,756.0,409.0,0.0,1415.0,0.0
DTAA/WWC0894,690.0,0.0,0.0,1501.0,0.0
DTAA/XCB0445,814.0,369.0,0.0,1635.0,0.0
DTAA/XGB0052,690.0,0.0,0.0,1658.0,0.0
DTAA/XHN0227,690.0,345.0,0.0,1660.0,0.0
DTAA/XIN0791,720.0,432.0,0.0,1942.0,0.0
DTAA/XKR0971,690.0,388.0,0.0,1868.0,0.0
DTAA/XQW0354,1148.0,0.0,0.0,1300.0,0.0
DTAA/XRP0435,690.0,244.0,0.0,1681.0,0.0
DTAA/XXD0650,690.0,345.0,0.0,1724.0,0.0
DTAA/YCB0005,970.0,345.0,0.0,1536.0,0.0
DTAA/YCB0967,690.0,345.0,0.0,1598.0,0.0
DTAA/YCD0922,690.0,345.0,0.0,1690.0,0.0
DTAA/YCS0667,690.0,175.0,0.0,1125.0,0.0
DTAA/YCV0635,690.0,179.0,0.0,1522.0,0.0
DTAA/YJJ0129,862.0,357.0,0.0,1186.0,0.0
DTAA/YLO0362,690.0,0.0,0.0,1659.0,0.0
DTAA/YQW0689,1106.0,353.0,0.0,1646.0,0.0
DTAA/YSH0268,690.0,162.0,0.0,1667.0,0.0
DTAA/YVF0045,1177.0,166.0,0.0,1275.0,0.0
DTAA/ZAB0889,1061.0,255.0,0.0,1947.0,0.0
DTAA/ZBH0980,690.0,0.0,0.0,1549.0,0.0
DTAA/ZBM0626,690.0,345.0,0.0,1458.0,0.0
DTAA/ZCA0652,974.0,0.0,0.0,1337.0,0.0
DTAA/ZCH0336,690.0,345.0,0.0,1508.0,0.0
DTAA/ZGH0528,972.0,0.0,0.0,1465.0,0.0
DTAA/ZKE0662,969.0,690.0,0.0,2034.0,0.0
DTAA/ZKH0388,1066.0,350.0,0.0,1663.0,0.0
DTAA/ZKN0548,690.0,0.0,0.0,1723.0,0.0
DTAA/ZRR0705,690.0,0.0,0.0,1412.0,0.0
DTD0380,0.0,0.0,0.0,0.0,0.0
DWB0426,0.0,0.0,0.0,0.0,0.0
DWF0128,0.0,0.0,0.0,0.0,0.0
DXM0213,0.0,0.0,0.0,0.0,0.0
EAM0745,0.0,0.0,0.0,0.0,0.0
EAR0695,0.0,0.0,0.0,0.0,0.0
EBP0037,0.0,0.0,0.0,0.0,0.0
EBS0287,0.0,0.0,0.0,0.0,0.0
ECB0185,0.0,0.0,0.0,0.0,0.0
ECB0494,0.0,0.0,0.0,0.0,0.0
ECD0029,0.0,0.0,0.0,0.0,0.0
ECG0753,0.0,0.0,0.0,0.0,0.0
ECM0214,0.0,0.0,0.0,0.0,0.0
ECT0491,0.0,0.0,0.0,0.0,0.0
EDC0357,0.0,0.0,0.0,0.0,0.0
EDG0766,0.0,0.0,0.0,0.0,0.0
EDH0146,0.0,0.0,0.0,0.0,0.0
EDR0642,0.0,0.0,0.0,0.0,0.0
EDW0137,0.0,0.0,0.0,0.0,0.0
EEB0134,0.0,0.0,0.0,0.0,0.0
EEK0031,0.0,0.0,0.0,0.0,0.0
EFS0114,0.0,0.0,0.0,0.0,0.0
EGG0294,0.0,0.0,0.0,0.0,0.0
EGM0401,0.0,0.0,0.0,0.0,0.0
EJB0888,0.0,0.0,0.0,0.0,0.0
EJS0513,0.0,0.0,0.0,0.0,0.0
EKB0587,0.0,0.0,0.0,0.0,0.0
ELA0741,0.0,0.0,0.0,0.0,0.0
ELD1000,0.0,0.0,0.0,0.0,1.0
EML0060,0.0,0.0,0.0,0.0,0.0
EMM0782,0.0,0.0,0.0,0.0,0.0
EMR0242,0.0,0.0,0.0,0.0,0.0
EMZ0196,0.0,0.0,0.0,0.0,0.0
ENB0293,0.0,0.0,0.0,0.0,0.0
END0616,0.0,0.0,0.0,0.0,0.0
ENP0794,0.0,0.0,0.0,0.0,0.0
EOS0972,0.0,0.0,0.0,0.0,0.0
ERP0254,0.0,0.0,0.0,0.0,0.0
ESB0080,0.0,0.0,0.0,0.0,0.0
EWR0504,0.0,0.0,0.0,0.0,0.0
FAF0578,0.0,0.0,0.0,0.0,0.0
FCG0115,0.0,0.0,0.0,0.0,0.0
FCT0552,0.0,0.0,0.0,0.0,0.0
FDP0500,0.0,0.0,0.0,0.0,0.0
FES0933,0.0,0.0,0.0,0.0,0.0
FFP0721,0.0,0.0,0.0,0.0,0.0
FGM0119,0.0,0.0,0.0,0.0,0.0
FHM0931,0.0,0.0,0.0,0.0,0.0
FIM0668,0.0,0.0,0.0,0.0,0.0
FJC0138,0.0,0.0,0.0,0.0,0.0
FKR0550,0.0,0.0,0.0,0.0,0.0
FLC0811,0.0,0.0,0.0,0.0,0.0
FMF0197,0.0,0.0,0.0,0.0,0.0
FNO0471,0.0,0.0,0.0,0.0,0.0
FTB0295,0.0,0.0,0.0,0.0,0.0
FUA0154,0.0,0.0,0.0,0.0,0.0
GBR0420,0.0,0.0,0.0,0.0,0.0
GCH0545,0.0,0.0,0.0,0.0,0.0
GDG0184,0.0,0.0,0.0,0.0,0.0
GDJ0631,0.0,0.0,0.0,0.0,0.0
GEC0077,0.0,0.0,0.0,0.0,0.0
GHB0863,0.0,0.0,0.0,0.0,0.0
GHC0041,0.0,0.0,0.0,0.0,0.0
GHS0664,0.0,0.0,0.0,0.0,0.0
GJG0820,0.0,0.0,0.0,0.0,0.0
GJH0384,0.0,0.0,0.0,0.0,0.0
GKC0919,0.0,0.0,0.0,0.0,0.0
GKJ0573,0.0,0.0,0.0,0.0,0.0
GLB0715,0.0,0.0,0.0,0.0,0.0
GMF0571,0.0,0.0,0.0,0.0,0.0
GML0105,0.0,0.0,0.0,0.0,0.0
GMS0949,0.0,0.0,0.0,0.0,0.0
GNB0481,0.0,0.0,0.0,0.0,0.0
GNH0394,0.0,0.0,0.0,0.0,0.0
GRC0474,0.0,0.0,0.0,0.0,0.0
GRG0693,0.0,0.0,0.0,0.0,0.0
GRS0372,0.0,0.0,0.0,0.0,0.0
GSL0697,0.0,0.0,0.0,0.0,0.0
GTJ0243,0.0,0.0,0.0,0.0,0.0
GTR0327,0.0,0.0,0.0,0.0,0.0
GVH0277,0.0,0.0,0.0,0.0,0.0
GWS0381,0.0,0.0,0.0,0.0,0.0
GYB0248,0.0,0.0,0.0,0.0,0.0
GYT0279,0.0,0.0,0.0,0.0,0.0
HAG0649,0.0,0.0,0.0,0.0,0.0
HAS0430,0.0,0.0,0.0,0.0,0.0
HBB0402,0.0,0.0,0.0,0.0,0.0
HBF0035,0.0,0.0,0.0,0.0,0.0
HBL0517,0.0,0.0,0.0,0.0,0.0
HCC0258,0.0,0.0,0.0,0.0,0.0
HCG0731,0.0,0.0,0.0,0.0,0.0
HCJ0171,0.0,0.0,0.0,0.0,0.0
HCM0681,0.0,0.0,0.0,0.0,0.0
HCP0315,0.0,0.0,0.0,0.0,0.0
HCR0525,0.0,0.0,0.0,0.0,0.0
HCR0795,0.0,0.0,0.0,0.0,0.0
HDB0655,0.0,0.0,0.0,0.0,0.0
HDR0261,0.0,0.0,0.0,0.0,0.0
HDR0823,0.0,0.0,0.0,0.0,0.0
HED0802,0.0,0.0,0.0,0.0,0.0
HEG0785,0.0,0.0,0.0,0.0,0.0
HER0860,0.0,0.0,0.0,0.0,0.0
HFC0680,0.0,0.0,0.0,0.0,0.0
HIB0604,0.0,0.0,0.0,0.0,0.0
HIP0929,0.0,0.0,0.0,0.0,0.0
HJK0057,0.0,0.0,0.0,0.0,0.0
HJP0784,0.0,0.0,0.0,0.0,0.0
HKG0503,0.0,0.0,0.0,0.0,0.0
HKM0260,0.0,0.0,0.0,0.0,0.0
HKO0796,0.0,0.0,0.0,0.0,0.0
HLA0457,0.0,0.0,0.0,0.0,0.0
HNF0812,0.0,0.0,0.0,0.0,0.0
HNK0421,0.0,0.0,0.0,0.0,0.0
HNR0891,0.0,0.0,0.0,0.0,0.0
HNS0858,0.0,0.0,0.0,0.0,0.0
HOO0224,0.0,0.0,0.0,0.0,0.0
HPF0958,0.0,0.0,0.0,0.0,0.0
HPN0821,0.0,0.0,0.0,0.0,0.0
HRK0729,0.0,0.0,0.0,0.0,0.0
HRT0737,0.0,0.0,0.0,0.0,0.0
HSD0519,0.0,0.0,0.0,0.0,0.0
HSH0981,0.0,0.0,0.0,0.0,0.0
HSM0389,0.0,0.0,0.0,0.0,0.0
HSR0472,0.0,0.0,0.0,0.0,0.0
HTC0607,0.0,0.0,0.0,0.0,0.0
HTG0554,0.0,0.0,0.0,0.0,0.0
HTS0265,0.0,0.0,0.0,0.0,0.0
HWG0148,0.0,0.0,0.0,0.0,0.0
IAC0264,0.0,0.0,0.0,0.0,0.0
IAG0152,0.0,0.0,0.0,0.0,0.0
IAH0822,0.0,0.0,0.0,0.0,0.0
ICB0779,0.0,0.0,0.0,0.0,0.0
ICF0629,0.0,0.0,0.0,0.0,0.0
IGB0310,0.0,0.0,0.0,0.0,0.0
IGC0415,0.0,0.0,0.0,0.0,0.0
IHD0259,0.0,0.0,0.0,0.0,0.0
IHF0040,0.0,0.0,0.0,0.0,0.0
IIR0475,0.0,0.0,0.0,0.0,0.0
IJG0454,0.0,0.0,0.0,0.0,0.0
IJJ0342,0.0,0.0,0.0,0.0,0.0
IKH0904,0.0,0.0,0.0,0.0,0.0
IMB0473,0.0,0.0,0.0,0.0,0.0
IMD0280,0.0,0.0,0.0,0.0,0.0
IMD0776,0.0,0.0,0.0,0.0,0.0
IMF0700,0.0,0.0,0.0,0.0,0.0
IMW0965,0.0,0.0,0.0,0.0,0.0
IRC0991,0.0,0.0,0.0,0.0,1.0
IRH0176,0.0,0.0,0.0,0.0,0.0
ITC0131,0.0,0.0,0.0,0.0,0.0
IVF0777,0.0,0.0,0.0,0.0,0.0
IVS0463,0.0,0.0,0.0,0.0,0.0
IWM0482,0.0,0.0,0.0,0.0,0.0
JAC0390,0.0,0.0,0.0,0.0,0.0
JAD0531,0.0,0.0,0.0,0.0,0.0
JAH0544,0.0,0.0,0.0,0.0,0.0
JAM0392,0.0,0.0,0.0,0.0,0.0
JBA0373,0.0,0.0,0.0,0.0,0.0
JBL0450,0.0,0.0,0.0,0.0,0.0
JBS0483,0.0,0.0,0.0,0.0,0.0
JBS0654,0.0,0.0,0.0,0.0,0.0
JCC0140,0.0,0.0,0.0,0.0,0.0
JCC0998,0.0,0.0,0.0,0.0,1.0
JCG0817,0.0,0.0,0.0,0.0,0.0
JCL0752,0.0,0.0,0.0,0.0,0.0
JCS0873,0.0,0.0,0.0,0.0,0.0
JCT0410,0.0,0.0,0.0,0.0,0.0
JDM0083,0.0,0.0,0.0,0.0,0.0
JDM0940,0.0,0.0,0.0,0.0,0.0
JDR0685,0.0,0.0,0.0,0.0,0.0
JFA0081,0.0,0.0,0.0,0.0,0.0
JGB0062,0.0,0.0,0.0,0.0,0.0
JGC0775,0.0,0.0,0.0,0.0,0.0
JGS0274,0.0,0.0,0.0,0.0,0.0
JHA0404,0.0,0.0,0.0,0.0,0.0
JHC0703,0.0,0.0,0.0,0.0,0.0
JHD0512,0.0,0.0,0.0,0.0,0.0
JHM0408,0.0,0.0,0.0,0.0,0.0
JHN0241,0.0,0.0,0.0,0.0,0.0
JIH0640,0.0,0.0,0.0,0.0,0.0
JIP0187,0.0,0.0,0.0,0.0,0.0
JJB0720,0.0,0.0,0.0,0.0,0.0
JJR0278,0.0,0.0,0.0,0.0,0.0
JKW0464,0.0,0.0,0.0,0.0,0.0
JLC0711,0.0,0.0,0.0,0.0,0.0
JLC0744,0.0,0.0,0.0,0.0,0.0
JLL0301,0.0,0.0,0.0,0.0,0.0
JLL0930,0.0,0.0,0.0,0.0,0.0
JLM0053,0.0,0.0,0.0,0.0,0.0
JLV0465,0.0,0.0,0.0,0.0,0.0
JMA0875,0.0,0.0,0.0,0.0,0.0
JMC0233,0.0,0.0,0.0,0.0,0.0
JMM0759,0.0,0.0,0.0,0.0,0.0
JMP0200,0.0,0.0,0.0,0.0,0.0
JMR0906,0.0,0.0,0.0,0.0,0.0
JMR0955,0.0,0.0,0.0,0.0,0.0
JMS0793,0.0,0.0,0.0,0.0,0.0
JNF0543,0.0,0.0,0.0,0.0,0.0
JPP0841,0.0,0.0,0.0,0.0,0.0
JQH0724,0.0,0.0,0.0,0.0,0.0
JRM0902,0.0,0.0,0.0,0.0,0.0
JRP0458,0.0,0.0,0.0,0.0,0.0
JSB0493,0.0,0.0,0.0,0.0,0.0
JSE0020,0.0,0.0,0.0,0.0,0.0
JSH0326,0.0,0.0,0.0,0.0,0.0
JSH0598,0.0,0.0,0.0,0.0,0.0
JSW0180,0.0,0.0,0.0,0.0,0.0
JTT0989,0.0,0.0,0.0,0.0,1.0
JWW0076,0.0,0.0,0.0,0.0,0.0
JXC0393,0.0,0.0,0.0,0.0,0.0
JXG0567,0.0,0.0,0.0,0.0,0.0
JZO0727,0.0,0.0,0.0,0.0,0.0
JZV0159,0.0,0.0,0.0,0.0,0.0
KAD0059,0.0,0.0,0.0,0.0,0.0
KAG0880,0.0,0.0,0.0,0.0,0.0
KBB0983,0.0,0.0,0.0,0.0,0.0
KBC0337,0.0,0.0,0.0,0.0,0.0
KBC0788,0.0,0.0,0.0,0.0,0.0
KBP0188,0.0,0.0,0.0,0.0,0.0
KCH0987,0.0,0.0,0.0,0.0,0.0
KCN0107,0.0,0.0,0.0,0.0,0.0
KDC0928,0.0,0.0,0.0,0.0,0.0
KDL0806,0.0,0.0,0.0,0.0,0.0
KEE0997,0.0,0.0,0.0,0.0,1.0
KEH0055,0.0,0.0,0.0,0.0,0.0
KES0043,0.0,0.0,0.0,0.0,0.0
KFF0225,0.0,0.0,0.0,0.0,0.0
KGC0456,0.0,0.0,0.0,0.0,0.0
KGS0398,0.0,0.0,0.0,0.0,0.0
KIM0617,0.0,0.0,0.0,0.0,0.0
KIN0073,0.0,0.0,0.0,0.0,0.0
KJG0378,0.0,0.0,0.0,0.0,0.0
KJM0614,0.0,0.0,0.0,0.0,0.0
KKC0575,0.0,0.0,0.0,0.0,0.0
KKT0039,0.0,0.0,0.0,0.0,0.0
KKW0676,0.0,0.0,0.0,0.0,0.0
KKW0945,0.0,0.0,0.0,0.0,0.0
KLS0717,0.0,0.0,0.0,0.0,0.0
KMC0840,0.0,0.0,0.0,0.0,0.0
KMG0002,0.0,0.0,0.0,0.0,0.0
KMW0755,0.0,0.0,0.0,0.0,0.0
KNC0403,0.0,0.0,0.0,0.0,0.0
KNH0719,0.0,0.0,0.0,0.0,0.0
KNJ0633,0.0,0.0,0.0,0.0,0.0
KPB0665,0.0,0.0,0.0,0.0,0.0
KPC0158,0.0,0.0,0.0,0.0,0.0
KPS0299,0.0,0.0,0.0,0.0,0.0
KRC0021,0.0,0.0,0.0,0.0,0.0
KRC0455,0.0,0.0,0.0,0.0,0.0
KRD0507,0.0,0.0,0.0,0.0,0.0
KSB0673,0.0,0.0,0.0,0.0,0.0
KSO0749,0.0,0.0,0.0,0.0,0.0
KSP0927,0.0,0.0,0.0,0.0,0.0
KSW0597,0.0,0.0,0.0,0.0,0.0
KTC0285,0.0,0.0,0.0,0.0,0.0
KTM0960,0.0,0.0,0.0,0.0,0.0
KUC0848,0.0,0.0,0.0,0.0,0.0
KVH0355,0.0,0.0,0.0,0.0,0.0
KYH0920,0.0,0.0,0.0,0.0,0.0
LAH0397,0.0,0.0,0.0,0.0,0.0
LAH0710,0.0,0.0,0.0,0.0,0.0
LAL0170,0.0,0.0,0.0,0.0,0.0
LAM0952,0.0,0.0,0.0,0.0,0.0
LAT0452,0.0,0.0,0.0,0.0,0.0
LAW0437,0.0,0.0,0.0,0.0,0.0
LBB0095,0.0,0.0,0.0,0.0,0.0
LBC0422,0.0,0.0,0.0,0.0,0.0
LBD0946,0.0,0.0,0.0,0.0,0.0
LCC0556,0.0,0.0,0.0,0.0,0.0
LCG0011,0.0,0.0,0.0,0.0,0.0
LCG0546,0.0,0.0,0.0,0.0,0.0
LCK0551,0.0,0.0,0.0,0.0,0.0
LCK0666,0.0,0.0,0.0,0.0,0.0
LCL0792,0.0,0.0,0.0,0.0,0.0
LCP0359,0.0,0.0,0.0,0.0,0.0
LDB0961,0.0,0.0,0.0,0.0,0.0
LDG0406,0.0,0.0,0.0,0.0,0.0
LDM0318,0.0,0.0,0.0,0.0,0.0
LEH0561,0.0,0.0,0.0,0.0,0.0
LGA0042,0.0,0.0,0.0,0.0,0.0
LGV0288,0.0,0.0,0.0,0.0,0.0
LIB0089,0.0,0.0,0.0,0.0,0.0
LID0942,0.0,0.0,0.0,0.0,0.0
LJB0492,0.0,0.0,0.0,0.0,0.0
LJR0772,0.0,0.0,0.0,0.0,0.0
LJU0036,0.0,0.0,0.0,0.0,0.0
LKY0181,0.0,0.0,0.0,0.0,0.0
LLB0843,0.0,0.0,0.0,0.0,0.0
LLK0316,0.0,0.0,0.0,0.0,0.0
LMH0690,0.0,0.0,0.0,0.0,0.0
LMJ0323,0.0,0.0,0.0,0.0,0.0
LND0767,0.0,0.0,0.0,0.0,0.0
LNM0509,0.0,0.0,0.0,0.0,0.0
LPB0141,0.0,0.0,0.0,0.0,0.0
LPG0099,0.0,0.0,0.0,0.0,0.0
LQA0232,0.0,0.0,0.0,0.0,0.0
LRH0747,0.0,0.0,0.0,0.0,0.0
LRS0325,0.0,0.0,0.0,0.0,0.0
LSV0944,0.0,0.0,0.0,0.0,0.0
LTB0150,0.0,0.0,0.0,0.0,0.0
LTM0418,0.0,0.0,0.0,0.0,0.0
LVC0027,0.0,0.0,0.0,0.0,0.0
LYC0672,0.0,0.0,0.0,0.0,0.0
MAB0532,0.0,0.0,0.0,0.0,0.0
MAG0290,0.0,0.0,0.0,0.0,0.0
MAH0712,0.0,0.0,0.0,0.0,0.0
MAM0947,0.0,0.0,0.0,0.0,0.0
MBD0602,0.0,0.0,0.0,0.0,0.0
MBR0166,0.0,0.0,0.0,0.0,0.0
MBZ0932,0.0,0.0,0.0,0.0,0.0
MCC0851,0.0,0.0,0.0,0.0,0.0
MCF0427,0.0,0.0,0.0,0.0,0.0
MCF0985,0.0,0.0,0.0,0.0,0.0
MCH0530,0.0,0.0,0.0,0.0,0.0
MCM0090,0.0,0.0,0.0,0.0,0.0
MCM0346,0.0,0.0,0.0,0.0,0.0
MCR0314,0.0,0.0,0.0,0.0,0.0
MCR0375,0.0,0.0,0.0,0.0,0.0
MDC0595,0.0,0.0,0.0,0.0,0.0
MDS0742,0.0,0.0,0.0,0.0,0.0
MDT0356,0.0,0.0,0.0,0.0,0.0
MED0748,0.0,0.0,0.0,0.0,0.0
MEV0886,0.0,0.0,0.0,0.0,0.0
MFN0656,0.0,0.0,0.0,0.0,0.0
MGB0728,0.0,0.0,0.0,0.0,0.0
MGF0743,0.0,0.0,0.0,0.0,0.0
MGY0732,0.0,0.0,0.0,0.0,0.0
MHM0988,0.0,0.0,0.0,0.0,0.0
MIC0914,0.0,0.0,0.0,0.0,0.0
MIH0429,0.0,0.0,0.0,0.0,0.0
MIK0034,0.0,0.0,0.0,0.0,0.0
MJF0892,0.0,0.0,0.0,0.0,0.0
MJK0212,0.0,0.0,0.0,0.0,0.0
MJM0228,0.0,0.0,0.0,0.0,0.0
MJM0469,0.0,0.0,0.0,0.0,0.0
MJP0603,0.0,0.0,0.0,0.0,0.0
MKG0273,0.0,0.0,0.0,0.0,0.0
MKN0234,0.0,0.0,0.0,0.0,0.0
MLC0238,0.0,0.0,0.0,0.0,0.0
MMF0289,0.0,0.0,0.0,0.0,0.0
MMH0581,0.0,0.0,0.0,0.0,0.0
MMH0612,0.0,0.0,0.0,0.0,0.0
MNB0956,0.0,0.0,0.0,0.0,0.0
MND0048,0.0,0.0,0.0,0.0,0.0
MND0675,0.0,0.0,0.0,0.0,0.0
MOA0526,0.0,0.0,0.0,0.0,0.0
MPA0136,0.0,0.0,0.0,0.0,0.0
MQL0135,0.0,0.0,0.0,0.0,0.0
MRL0518,0.0,0.0,0.0,0.0,0.0
MRM0205,0.0,0.0,0.0,0.0,0.0
MRS0395,0.0,0.0,0.0,0.0,0.0
MSH0322,0.0,0.0,0.0,0.0,0.0
MSK0862,0.0,0.0,0.0,0.0,0.0
MSM0226,0.0,0.0,0.0,0.0,0.0
MSP0078,0.0,0.0,0.0,0.0,0.0
MST0883,0.0,0.0,0.0,0.0,0.0
MSV0506,0.0,0.0,0.0,0.0,0.0
MTC0538,0.0,0.0,0.0,0.0,0.0
MTM0239,0.0,0.0,0.0,0.0,0.0
MTS0084,0.0,0.0,0.0,0.0,0.0
MVL0885,0.0,0.0,0.0,0.0,0.0
MVP0572,0.0,0.0,0.0,0.0,0.0
MVW0630,0.0,0.0,0.0,0.0,0.0
MWH0853,0.0,0.0,0.0,0.0,0.0
MWJ0837,0.0,0.0,0.0,0.0,0.0
MXM0271,0.0,0.0,0.0,0.0,0.0
MXM0838,0.0,0.0,0.0,0.0,0.0
MZB0206,0.0,0.0,0.0,0.0,0.0
MZW0111,0.0,0.0,0.0,0.0,0.0
NAC0161,0.0,0.0,0.0,0.0,0.0
NAT0252,0.0,0.0,0.0,0.0,0.0
NAW0939,0.0,0.0,0.0,0.0,0.0
NBB0501,0.0,0.0,0.0,0.0,0.0
NBT0479,0.0,0.0,0.0,0.0,0.0
NCW0246,0.0,0.0,0.0,0.0,0.0
NDH0524,0.0,0.0,0.0,0.0,0.0
NDH0807,0.0,0.0,0.0,0.0,0.0
NDM0893,0.0,0.0,0.0,0.0,0.0
NDS0490,0.0,0.0,0.0,0.0,0.0
NEP0644,0.0,0.0,0.0,0.0,0.0
NET0306,0.0,0.0,0.0,0.0,0.0
NFD0706,0.0,0.0,0.0,0.0,0.0
NGC0624,0.0,0.0,0.0,0.0,0.0
NHH0566,0.0,0.0,0.0,0.0,0.0
NHL0253,0.0,0.0,0.0,0.0,0.0
NHL0521,0.0,0.0,0.0,0.0,0.0
NIC0901,0.0,0.0,0.0,0.0,0.0
NJC0459,0.0,0.0,0.0,0.0,0.0
NJD0267,0.0,0.0,0.0,0.0,0.0
NJH0593,0.0,0.0,0.0,0.0,0.0
NJM0476,0.0,0.0,0.0,0.0,0.0
NJS0448,0.0,0.0,0.0,0.0,0.0
NJW0094,0.0,0.0,0.0,0.0,0.0
NKM0018,0.0,0.0,0.0,0.0,0.0
NLD0701,0.0,0.0,0.0,0.0,0.0
NMC0251,0.0,0.0,0.0,0.0,0.0
NMR0621,0.0,0.0,0.0,0.0,0.0
NNB0443,0.0,0.0,0.0,0.0,0.0
NNS0898,0.0,0.0,0.0,0.0,0.0
NQC0925,0.0,0.0,0.0,0.0,0.0
NRH0276,0.0,0.0,0.0,0.0,0.0
NRM0093,0.0,0.0,0.0,0.0,0.0
NRS0477,0.0,0.0,0.0,0.0,0.0
NSC0842,0.0,0.0,0.0,0.0,0.0
NSD0763,0.0,0.0,0.0,0.0,0.0
NSP0910,0.0,0.0,0.0,0.0,0.0
NTO0396,0.0,0.0,0.0,0.0,0.0
NWC0765,0.0,0.0,0.0,0.0,0.0
NWG0682,0.0,0.0,0.0,0.0,0.0
NWT0708,0.0,0.0,0.0,0.0,0.0
NZD0771,0.0,0.0,0.0,0.0,0.0
OAR0291,0.0,0.0,0.0,0.0,0.0
OBD0786,0.0,0.0,0.0,0.0,0.0
OBF0564,0.0,0.0,0.0,0.0,0.0
ODW0839,0.0,0.0,0.0,0.0,0.0
OES0636,0.0,0.0,0.0,0.0,0.0
OHA0451,0.0,0.0,0.0,0.0,0.0
OHW0215,0.0,0.0,0.0,0.0,0.0
OIR0424,0.0,0.0,0.0,0.0,0.0
OJG0866,0.0,0.0,0.0,0.0,0.0
OJH0425,0.0,0.0,0.0,0.0,0.0
OKG0160,0.0,0.0,0.0,0.0,0.0
OLR0984,0.0,0.0,0.0,0.0,0.0
ONB0177,0.0,0.0,0.0,0.0,0.0
ONQ0625,0.0,0.0,0.0,0.0,0.0
ORW0580,0.0,0.0,0.0,0.0,0.0
OSH0281,0.0,0.0,0.0,0.0,0.0
OSS0859,0.0,0.0,0.0,0.0,0.0
OTS0256,0.0,0.0,0.0,0.0,0.0
OUS0565,0.0,0.0,0.0,0.0,0.0
OXC0609,0.0,0.0,0.0,0.0,0.0
OYR0801,0.0,0.0,0.0,0.0,0.0
OZD0789,0.0,0.0,0.0,0.0,0.0
OZM0468,0.0,0.0,0.0,0.0,0.0
PAC0722,0.0,0.0,0.0,0.0,0.0
PAG0557,0.0,0.0,0.0,0.0,0.0
PBH0441,0.0,0.0,0.0,0.0,0.0
PCM0846,0.0,0.0,0.0,0.0,0.0
PCO0684,0.0,0.0,0.0,0.0,0.0
PCS0097,0.0,0.0,0.0,0.0,0.0
PDB0413,0.0,0.0,0.0,0.0,0.0
PDS0896,0.0,0.0,0.0,0.0,0.0
PFF0657,0.0,0.0,0.0,0.0,0.0
PID0096,0.0,0.0,0.0,0.0,0.0
PIG0194,0.0,0.0,0.0,0.0,0.0
PIP0746,0.0,0.0,0.0,0.0,0.0
PJL0320,0.0,0.0,0.0,0.0,0.0
PJS0809,0.0,0.0,0.0,0.0,0.0
PKH0542,0.0,0.0,0.0,0.0,0.0
PKM0092,0.0,0.0,0.0,0.0,0.0
PKM0411,0.0,0.0,0.0,0.0,0.0
PMB0702,0.0,0.0,0.0,0.0,0.0
PMG0890,0.0,0.0,0.0,0.0,0.0
PML0209,0.0,0.0,0.0,0.0,0.0
PRB0157,0.0,0.0,0.0,0.0,0.0
PRB0568,0.0,0.0,0.0,0.0,0.0
PRH0825,0.0,0.0,0.0,0.0,0.0
PRR0982,0.0,0.0,0.0,0.0,0.0
PSP0555,0.0,0.0,0.0,0.0,0.0
PTH0957,0.0,0.0,0.0,0.0,0.0
PUH0847,0.0,0.0,0.0,0.0,0.0
PVH0124,0.0,0.0,0.0,0.0,0.0
PVW0713,0.0,0.0,0.0,0.0,0.0
PXB0069,0.0,0.0,0.0,0.0,0.0
QAM0113,0.0,0.0,0.0,0.0,0.0
QCD0829,0.0,0.0,0.0,0.0,0.0
QGF0292,0.0,0.0,0.0,0.0,0.0
QGM0222,0.0,0.0,0.0,0.0,0.0
QKR0651,0.0,0.0,0.0,0.0,0.0
QLC0632,0.0,0.0,0.0,0.0,0.0
QLW0941,0.0,0.0,0.0,0.0,0.0
QNC0832,0.0,0.0,0.0,0.0,0.0
QNK0574,0.0,0.0,0.0,0.0,0.0
QOH0361,0.0,0.0,0.0,0.0,0.0
QVM0338,0.0,0.0,0.0,0.0,0.0
QZD0164,0.0,0.0,0.0,0.0,0.0
RAA0594,0.0,0.0,0.0,0.0,0.0
RAC0282,0.0,0.0,0.0,0.0,0.0
RAH0968,0.0,0.0,0.0,0.0,0.0
RAY0882,0.0,0.0,0.0,0.0,0.0
RBB0229,0.0,0.0,0.0,0.0,0.0
RBC0583,0.0,0.0,0.0,0.0,0.0
RBC0879,0.0,0.0,0.0,0.0,0.0
RBY0065,0.0,0.0,0.0,0.0,0.0
RCF0540,0.0,0.0,0.0,0.0,0.0
RCR0864,0.0,0.0,0.0,0.0,0.0
RCW0436,0.0,0.0,0.0,0.0,0.0
RDG0335,0.0,0.0,0.0,0.0,0.0
RDG0350,0.0,0.0,0.0,0.0,0.0
RDH0117,0.0,0.0,0.0,0.0,0.0
RDP0855,0.0,0.0,0.0,0.0,0.0
RDT0659,0.0,0.0,0.0,0.0,0.0
REK0484,0.0,0.0,0.0,0.0,0.0
RER0237,0.0,0.0,0.0,0.0,0.0
RES0962,0.0,0.0,0.0,0.0,0.0
RHP0688,0.0,0.0,0.0,0.0,0.0
RIG0024,0.0,0.0,0.0,0.0,0.0
RIM0938,0.0,0.0,0.0,0.0,0.0
RJP0286,0.0,0.0,0.0,0.0,0.0
RJP0345,0.0,0.0,0.0,0.0,0.0
RJP0874,0.0,0.0,0.0,0.0,0.0
RJW0590,0.0,0.0,0.0,0.0,0.0
RKC0190,0.0,0.0,0.0,0.0,0.0
RKC0733,0.0,0.0,0.0,0.0,0.0
RKD0255,0.0,0.0,0.0,0.0,0.0
RLC0019,0.0,0.0,0.0,0.0,0.0
RLC0442,0.0,0.0,0.0,0.0,0.0
RLE0844,0.0,0.0,0.0,0.0,0.0
RLS0935,0.0,0.0,0.0,0.0,0.0
RLS0966,0.0,0.0,0.0,0.0,0.0
RLW0861,0.0,0.0,0.0,0.0,0.0
RME0699,0.0,0.0,0.0,0.0,0.0
ROC0257,0.0,0.0,0.0,0.0,0.0
ROM0419,0.0,0.0,0.0,0.0,0.0
RQH0770,0.0,0.0,0.0,0.0,0.0
RRF0245,0.0,0.0,0.0,0.0,0.0
RRL0780,0.0,0.0,0.0,0.0,0.0
RSG0385,0.0,0.0,0.0,0.0,0.0
RSJ0328,0.0,0.0,0.0,0.0,0.0
RTH0376,0.0,0.0,0.0,0.0,0.0
RVM0826,0.0,0.0,0.0,0.0,0.0
RVS0852,0.0,0.0,0.0,0.0,0.0
RWD0210,0.0,0.0,0.0,0.0,0.0
RXE0207,0.0,0.0,0.0,0.0,0.0
RXM0204,0.0,0.0,0.0,0.0,0.0
RZW0369,0.0,0.0,0.0,0.0,0.0
SAE0683,0.0,0.0,0.0,0.0,0.0
SAH0192,0.0,0.0,0.0,0.0,0.0
SAM0954,0.0,0.0,0.0,0.0,0.0
SAO0167,0.0,0.0,0.0,0.0,0.0
SAP0304,0.0,0.0,0.0,0.0,0.0
SAS0433,0.0,0.0,0.0,0.0,0.0
SAS0601,0.0,0.0,0.0,0.0,0.0
SBB0044,0.0,0.0,0.0,0.0,0.0
SBC0360,0.0,0.0,0.0,0.0,0.0
SBH0674,0.0,0.0,0.0,0.0,0.0
SBK0108,0.0,0.0,0.0,0.0,0.0
SBM0217,0.0,0.0,0.0,0.0,0.0
SCB0529,0.0,0.0,0.0,0.0,0.0
SCJ0498,0.0,0.0,0.0,0.0,0.0
SCK0576,0.0,0.0,0.0,0.0,0.0
SCW0707,0.0,0.0,0.0,0.0,0.0
SDC0032,0.0,0.0,0.0,0.0,0.0
SDL0679,0.0,0.0,0.0,0.0,0.0
SDM0333,0.0,0.0,0.0,0.0,0.0
SDR0010,0.0,0.0,0.0,0.0,0.0
SEF0446,0.0,0.0,0.0,0.0,0.0
SER0835,0.0,0.0,0.0,0.0,0.0
SES0660,0.0,0.0,0.0,0.0,0.0
SFS0308,0.0,0.0,0.0,0.0,0.0
SGC0118,0.0,0.0,0.0,0.0,0.0
SGG0584,0.0,0.0,0.0,0.0,0.0
SGS0352,0.0,0.0,0.0,0.0,0.0
SHR0025,0.0,0.0,0.0,0.0,0.0
SHS0608,0.0,0.0,0.0,0.0,0.0
SHT0953,0.0,0.0,0.0,0.0,0.0
SIP0805,0.0,0.0,0.0,0.0,0.0
SIR0586,0.0,0.0,0.0,0.0,0.0
SJA0691,0.0,0.0,0.0,0.0,0.0
SJB0751,0.0,0.0,0.0,0.0,0.0
SJC0487,0.0,0.0,0.0,0.0,0.0
SJC0735,0.0,0.0,0.0,0.0,0.0
SJH0588,0.0,0.0,0.0,0.0,0.0
SJH0907,0.0,0.0,0.0,0.0,0.0
SKB0263,0.0,0.0,0.0,0.0,0.0
SKH0467,0.0,0.0,0.0,0.0,0.0
SKL0881,0.0,0.0,0.0,0.0,0.0
SKP0270,0.0,0.0,0.0,0.0,0.0
SKW0871,0.0,0.0,0.0,0.0,0.0
SLC0778,0.0,0.0,0.0,0.0,0.0
SLG0008,0.0,0.0,0.0,0.0,0.0
SLM0589,0.0,0.0,0.0,0.0,0.0
SLM0781,0.0,0.0,0.0,0.0,0.0
SMC0139,0.0,0.0,0.0,0.0,0.0
SMD0773,0.0,0.0,0.0,0.0,0.0
SML0086,0.0,0.0,0.0,0.0,0.0
SML0486,0.0,0.0,0.0,0.0,0.0
SMW0913,0.0,0.0,0.0,0.0,0.0
SND0611,0.0,0.0,0.0,0.0,0.0
SOG0461,0.0,0.0,0.0,0.0,0.0
SOM0478,0.0,0.0,0.0,0.0,0.0
SPK0818,0.0,0.0,0.0,0.0,0.0
SRN0275,0.0,0.0,0.0,0.0,0.0
SSB0151,0.0,0.0,0.0,0.0,0.0
SSC0047,0.0,0.0,0.0,0.0,0.0
SSC0387,0.0,0.0,0.0,0.0,0.0
SSH0085,0.0,0.0,0.0,0.0,0.0
SSH0144,0.0,0.0,0.0,0.0,0.0
SSV0560,0.0,0.0,0.0,0.0,0.0
SSW0815,0.0,0.0,0.0,0.0,0.0
STC0066,0.0,0.0,0.0,0.0,0.0
STF0145,0.0,0.0,0.0,0.0,0.0
SVC0175,0.0,0.0,0.0,0.0,0.0
SVM0756,0.0,0.0,0.0,0.0,0.0
SWM0768,0.0,0.0,0.0,0.0,0.0
SXH0895,0.0,0.0,0.0,0.0,0.0
TAO0639,0.0,0.0,0.0,0.0,0.0
TCH0230,0.0,0.0,0.0,0.0,0.0
TCR0218,0.0,0.0,0.0,0.0,0.0
TDW0348,0.0,0.0,0.0,0.0,0.0
TEG0502,0.0,0.0,0.0,0.0,0.0
TER0923,0.0,0.0,0.0,0.0,0.0
TFS0216,0.0,0.0,0.0,0.0,0.0
TGC0670,0.0,0.0,0.0,0.0,0.0
THB0783,0.0,0.0,0.0,0.0,0.0
THL0671,0.0,0.0,0.0,0.0,0.0
THS0006,0.0,0.0,0.0,0.0,0.0
TIW0195,0.0,0.0,0.0,0.0,0.0
TJP0714,0.0,0.0,0.0,0.0,0.0
TKG0523,0.0,0.0,0.0,0.0,0.0
TKH0211,0.0,0.0,0.0,0.0,0.0
TLB0017,0.0,0.0,0.0,0.0,0.0
TLB0831,0.0,0.0,0.0,0.0,0.0
TLV0936,0.0,0.0,0.0,0.0,0.0
TNB0740,0.0,0.0,0.0,0.0,0.0
TPC0102,0.0,0.0,0.0,0.0,0.0
TQC0249,0.0,0.0,0.0,0.0,0.0
TRB0414,0.0,0.0,0.0,0.0,0.0
TRP0068,0.0,0.0,0.0,0.0,0.0
TRT0979,0.0,0.0,0.0,0.0,0.0
TSC0431,0.0,0.0,0.0,0.0,0.0
TSM0130,0.0,0.0,0.0,0.0,0.0
TTG0637,0.0,0.0,0.0,0.0,0.0
TUA0298,0.0,0.0,0.0,0.0,0.0
TXR0884,0.0,0.0,0.0,0.0,0.0
TZB0870,0.0,0.0,0.0,0.0,0.0
UAD0165,0.0,0.0,0.0,0.0,0.0
UBB0186,0.0,0.0,0.0,0.0,0.0
UBH0964,0.0,0.0,0.0,0.0,0.0
UCM0106,0.0,0.0,0.0,0.0,0.0
UGW0223,0.0,0.0,0.0,0.0,0.0
UJC0849,0.0,0.0,0.0,0.0,0.0
ULB0178,0.0,0.0,0.0,0.0,0.0
UMB0449,0.0,0.0,0.0,0.0,0.0
UMK0142,0.0,0.0,0.0,0.0,0.0
USB0641,0.0,0.0,0.0,0.0,0.0
VAH0262,0.0,0.0,0.0,0.0,0.0
VAP0168,0.0,0.0,0.0,0.0,0.0
VBW0447,0.0,0.0,0.0,0.0,0.0
VCG0663,0.0,0.0,0.0,0.0,0.0
VDP0070,0.0,0.0,0.0,0.0,0.0
VFP0669,0.0,0.0,0.0,0.0,0.0
VFS0231,0.0,0.0,0.0,0.0,0.0
VFT0014,0.0,0.0,0.0,0.0,0.0
VIR0488,0.0,0.0,0.0,0.0,0.0
VJD0704,0.0,0.0,0.0,0.0,0.0
VKB0605,0.0,0.0,0.0,0.0,0.0
VMA0051,0.0,0.0,0.0,0.0,0.0
VMF0423,0.0,0.0,0.0,0.0,0.0
VMM0309,0.0,0.0,0.0,0.0,0.0
VNM0127,0.0,0.0,0.0,0.0,0.0
VUF0522,0.0,0.0,0.0,0.0,0.0
WAB0970,0.0,0.0,0.0,0.0,0.0
WAH0813,0.0,0.0,0.0,0.0,0.0
WBW0591,0.0,0.0,0.0,0.0,0.0
WCB0440,0.0,0.0,0.0,0.0,0.0
WCM0391,0.0,0.0,0.0,0.0,0.0
WCN0570,0.0,0.0,0.0,0.0,0.0
WDW0064,0.0,0.0,0.0,0.0,0.0
WDW0198,0.0,0.0,0.0,0.0,0.0
WDW0485,0.0,0.0,0.0,0.0,0.0
WFH0909,0.0,0.0,0.0,0.0,0.0
WFL0495,0.0,0.0,0.0,0.0,0.0
WGL0515,0.0,0.0,0.0,0.0,0.0
WJG0153,0.0,0.0,0.0,0.0,0.0
WJR0592,0.0,0.0,0.0,0.0,0.0
WKH0407,0.0,0.0,0.0,0.0,0.0
WLB0169,0.0,0.0,0.0,0.0,0.0
WMJ0364,0.0,0.0,0.0,0.0,0.0
WNS0816,0.0,0.0,0.0,0.0,0.0
WOT0549,0.0,0.0,0.0,0.0,0.0
WPH0764,0.0,0.0,0.0,0.0,0.0
WSL0470,0.0,0.0,0.0,0.0,0.0
WTA0867,0.0,0.0,0.0,0.0,0.0
WWC0894,0.0,0.0,0.0,0.0,0.0
XCB0445,0.0,0.0,0.0,0.0,0.0
XGB0052,0.0,0.0,0.0,0.0,0.0
XHN0227,0.0,0.0,0.0,0.0,0.0
XIN0791,0.0,0.0,0.0,0.0,0.0
XKR0971,0.0,0.0,0.0,0.0,0.0
XQW0354,0.0,0.0,0.0,0.0,0.0
XRP0435,0.0,0.0,0.0,0.0,0.0
XXD0650,0.0,0.0,0.0,0.0,0.0
YCB0005,0.0,0.0,0.0,0.0,0.0
YCB0967,0.0,0.0,0.0,0.0,0.0
YCD0922,0.0,0.0,0.0,0.0,0.0
YCS0667,0.0,0.0,0.0,0.0,0.0
YCV0635,0.0,0.0,0.0,0.0,0.0
YJJ0129,0.0,0.0,0.0,0.0,0.0
YLO0362,0.0,0.0,0.0,0.0,0.0
YQW0689,0.0,0.0,0.0,0.0,0.0
YSH0268,0.0,0.0,0.0,0.0,0.0
YVF0045,0.0,0.0,0.0,0.0,0.0
ZAB0889,0.0,0.0,0.0,0.0,0.0
ZBH0980,0.0,0.0,0.0,0.0,0.0
ZBM0626,0.0,0.0,0.0,0.0,0.0
ZCA0652,0.0,0.0,0.0,0.0,0.0
ZCH0336,0.0,0.0,0.0,0.0,0.0
ZGH0528,0.0,0.0,0.0,0.0,0.0
ZKE0662,0.0,0.0,0.0,0.0,0.0
ZKH0388,0.0,0.0,0.0,0.0,0.0
ZKN0548,0.0,0.0,0.0,0.0,0.0
ZRR0705,0.0,0.0,0.0,0.0,0.0
